사이트,제목,링크,내용
한경,"트럼프 관세 예고, 외환시장 긴장감 증폭 [원자재 &ETF뉴스]",https://www.hankyung.com/article/2024112896195,"(방송 원문입니다.)원자재 시황도 살펴보겠습니다. 현재 시간 5시 44분 지나가고 있고요, 5시 수치를 기준으로 하고 있습니다. 국제유가부터 확인해 보겠습니다. 원유 시장은 중동 지역의 휴전 합의와 이번주에 다음달 1일로 예정된 OPEC+의 정례회의에서 내년 1월로 미뤄졌던 하루 18만 배럴의 증산을 재차 연기하는 방안을 검토 중이라는 보도를 동시에 주목하고 있습니다. 유가는 오늘 보합권 근처에서 미미하게 움직이고 있습니다. WTI는 68달러 후반대, 브렌트유는 72달러 후반대에서 거래되고 있고요, 미국 천연가스 선물은 다음주, 미국 전역에 한파가 예고됐음에도 불구하고 재고 과잉 집계로 인해 7%대 급락하고 있습니다. 1년래 최고치였던 이번주 화요일 기준 고점에 비해서도 7.6%나 낮아진 것으로 보고됐고요, 올해 최저점을 기록했습니다. 트럼프의 대규모 관세 공언에, 주요 곡물 선물들도 수출 제한에 직면할 수 있습니다. 대두 선물은 강보합권으로 상승폭 줄여나가고 있고요, 밀 선물도 이와 함께 남미 일대의 공급 호조까지 더해지며 1.7% 더 크게 낙폭 키워가고 있습니다. 브라질 중남부의 생산 감소에 설탕 선물이 오늘 0.3% 내외로 오르고 있고요, 서아프리카의 작황 부진으로 그간 상승분을 반납하고 코코아 선물은 이날은 1%대 빠지고 있습니다. 지정학적 리스크가 줄어들며 금의 매수세도 이전에 비하면 크게 둔화됐고요, 또 오늘은 장중 내내 미국의 10월 개인소비지출 PCE 발표를 대기하며 금 선물은 좁은 범위에서 미미한 등락 보였습니다. 0.5% 상승하며 온스당 2,630달러 선 지나가고 있고요, 은 선물은 1% 더 크게 내려가고 있습니다. 주요 금속 선물들도 휴장을 앞두고 관망세 보이고 있습니다. 팔라듐 선물이 1%, 니켈 선물이 0.5% 밀려나고 있고요, 반면 백금 선물은 0.3%, 구리 선물은 0.8% 내외로 상방압력 받고 있습니다.암호화폐 시황도 살펴보겠습니다. 트럼프 당선인이 암호화폐 규제를 주도할 기관으로 상품선물거래위원회 CFTC를 염두에 두고 있다고 폭스비즈니스가 전했습니다. 미국 증권거래위원회 SEC의 권한을 약화시키려는 의도로 풀이되는데요, 요 며칠 조정 구간에 진입했던 비트코인은 해당 소식 이후 다시 한번 상승 탄력을 받고 있습니다. 현재 비트코인, 5%대 오르면서 96,500달러 선 터치하고 있습니다.주요 ETF 동향도 살펴보겠습니다. 3대지수 ETF 하락 중이고요, 섹터별로는 XLV 헬스케어 ETF가 0.5%로 상승폭이 가장 크고, 반대로는 SOXX 반도체 ETF가 1.6%로 낙폭이 가장 깊은 상황입니다.오늘은 ‘외환 시장’을 주제로 한 ETF 2가지 살펴보겠습니다. 캐나다달러화, 그리고 위안화 관련된 소식들 차례대로 체크해 보겠습니다. 먼저, ‘아이셰어즈 MSCI 캐나다 ETF’, 티커명 EWC입니다. 아이셰어즈에서 운용하고 있고요, 캐나다 주식으로 구성된 ‘MSCI 캐나다 커스텀 캡드 지수’를 추종하고요, 캐나다 증시의 96%를 커버하는 ETF입니다. 캐나다달러화를 직접적으로 따르는 상품은 아직 미국 ETF 시장에는 없습니다. 미장 내 캐나다 관련 ETF는 이렇게 3가지인데요, 가장 대중적으로 거래되는 건 이 EWC ETF고요, 그 외에는 ‘JP모간 베타빌더스 캐나다 ETF’, 티커명 BBCA, 또 ‘프랭클린 FTSE 캐나다 ETF’, 티커명 FLCA도 있습니다. EWC ETF는 금융과 에너지, 산업재, IT 등의 기업들을 두루두루 아우르고 있고요, 대형주와 중형주의 비율은 87%와 13%, 성장주와 가치주의 비중은 26%와 39% 정도 나타내고 있습니다. 개별 기업들의 비중은 22.5%로 제한됩니다. BBCA ETF는 대형주와 중형주의 비중이 88%와 12%로, EWC ETF보다 대형주의 존재감이 더 강하고요, 캐나다 상장 기업들의 시가총액 약 85%를 포함합니다. FLCA ETF는 대형주와 중형주가 각각 97%와 3%로, 세 ETF 중 대형주의 비중이 가장 높습니다. 캐나다의 중대형주들로 이루어져있다는 공통점 때문에, 세 ETF는 거의 동일한 흐름을 보여 왔고요, 등락이 있다면 개별 종목들의 이슈에 의해 변동될 가능성이 높습니다.트럼프 당선인이 마약 유입 및 불법 이민 문제에 대응하기 위해, 취임 첫날인 1월 20일에 중국과 캐나다, 그리고 멕시코에 대한 추가 관세 부과를 공언했죠? 이에 따라 전세계 외환시장이 긴장하고 있습니다. 발표 직후, 제일 먼저 멕시코의 페소화가 달러화 대비 2% 넘게 하락했고요, 이후 캐나다달러화가 4년 반 만에 최저치, 그리고 중국의 위안화도 4개월래 최저치까지 떨어졌습니다. 골드만삭스는, 트럼프의 이번 관세 공약은 자유무역협정, FTA를 위반할 수 있는 조치라며, 이에 대한 시장의 첫번째 대비로는, 외환 변동성의 급등에 대한 대응책이 마련돼야 할 것이라고 조언했습니다. CNBC 역시, 트럼프의 당선이 확정된 순간, 외환 시장의 불안은 예견됐던 것이라며, 환율이 관세 발표에 제일 먼저 반응하는 수단이라는 점을 감안해야 한다고 했습니다. 네덜란드 은행 ING는 트럼프의 관세 위협을 1월 취임 전의 협상 전술의 일환에 불과할 것이라, 우려가 과도할 필요는 없지만, 외환 시장의 동향을 과소평가해서는 안 된다고 지적했고요, 씨티그룹도 차기 트럼프 행정부가 관세를 협상 도구로 사용할 것으로 예상되기 때문에, 실질적인 파장이 생각보다 크지는 않을 것이라면서도 단기간 내 외환시장의 움직임은 주의해야 한다고 했습니다. 씨티그룹은, 헤드라인 하나에 멕시코의 페소화가 하룻밤 사이에도 2%까지 내려갈 수 있다며, 트럼프가 관세를 캐나다와 멕시코, 그리고 중국 정부와 협상하는 데 중요한 지렛대로 활용할 것임은 분명하다고 했고요, 관세 부과보다는 추후 협상 내용이 더 중요할 것이라고 했습니다.다음은 ‘위즈덤트리 중국 위안화 스트래티지 펀드’, 티커명 CYB입니다. 위즈덤트리에서 운용하고 있고요, 달러화 대비 위안화의 가치를 따르는 ETF입니다. 캐나다달러와 페소화도 마찬가지지만, 더 큰 문제는 사실 글로벌 시장에서의 가치가 더 큰, 중국의 위안화입니다. 위안화 역시 4개월래 최저치까지 곤두박질쳤는데요, 인민은행은 개장 전, 위안화 기준 환율을 달러당 7.1910위안으로 고시하며 환율 방어에 나섰지만, 노무라 증권 등 주요 IB들은 제한적인 효과만을 가질 것이라고 평가했습니다. 트럼프의 ‘약속 이행’ 발언 등을 고려할 때, 시장은 2차 무역 전쟁 가능성을 가격에 반영하기 시작할 것이라며, 향후 실제 관세 부과가 시행되고, 협상에 돌입하면 이는 위안화 환율에 더 큰 영향을 미칠 것이라고 보고 있습니다.실제로 트럼프 1기 당시인 2018년, 미국이 중국산 제품에 관세를 부과했을 때, 위안화의 가치는 달러화 대비 5% 넘게 하락했습니다. 이후 무역 갈등이 고조되며 1년 뒤, 추가로 1.5% 더 하락하는 등, 위안화 가치는 미중 무역 갈등에 유난히 민감하게 반응해 왔는데요, 미국은 단일 국가 기준으로 중국의 최대 교역 파트너이기 때문입니다. 번외로, 미장에 상장된 주요 외환 ETF들도 짚어볼까요? 위안화, 파운드화, 그리고 유로화 ETF가 당연히 규모가 가장 크겠죠. 달러 대비 파운드화를 담는 건, 티커명 FXB인 ‘인베스코 커런시셰어즈 브리티시 파운드 스털링 트러스트’가 있고요, 달러 대비 유로화를 추적하는 건, 티커명 FXE인 ‘인베스코 커런시셰어즈 유로 커런시 트러스트’가 있습니다. 트럼프 취임이 가까워져 오는 만큼, 달러화 강세와 관련해서 캐나다달러화, 페소화, 그리고 위안화와 함께 파운드화나 유로화의 흐름도 모니터링해 보시면 좋겠습니다.최보화 외신캐스터최보화외신캐스터 from.treasure@wowtv.co.kr"
한경,"테슬라, 탄소배출권 거래 최대 수혜자 [원자재 &ETF뉴스]",https://www.hankyung.com/article/2024112767575,"(방송 원문입니다.)원자재 시황도 살펴보겠습니다. 현재 시간 5시 44분 지나가고 있고요, 5시 수치를 기준으로 하고 있습니다. 국제유가부터 확인해 보겠습니다. 중동 지역의 휴전 합의가 임박했다는 보도가 나오자 어제 3% 넘게 하락했던 유가는 오늘은 낙폭을 줄이며 약보합권에서 거래되고 있습니다. 원유 시장은 이제 내년 1월에 예정돼 있는 OPEC+의 증산이 추가로 연기될 지의 여부에 주목하고 있습니다. WTI는 68달러 중반대, 브렌트유는 72달러 후반대 지나가고 있습니다. 미국 천연가스 선물도 어제의 급등 이후 차익실현 매물이 출회되며 1%대 빠지고 있습니다. 대두 선물은 0.2% 하락, 밀 선물은 0.2% 상승하며 큰 등락이 없는 가운데, 씨티은행이 브라질 중남부의 공급차질을 이유로, 내년과 내후년에 대한 전세계 설탕 생산량을 하향 조정하며 설탕 선물이 2%대 뛰고 있고요, 서아프리카 일대의 생산난으로 코코아 선물도 역시나 2%대 오르고 있습니다. 지정학적 리스크 축소에, 안전자산인 금의 매수세가 둔화되고 있습니다. 금 선물 오늘 0.4% 정도 상방압력 받고 있고요, 오히려 은은 1%대로 상승폭이 더 큽니다. 106선 후반으로, 여전히 고점 유지하고 있는 달러인덱스에 주요 금속 선물들이 이날도 혼조세 보입니다. 팔라듐 선물만 0.8% 오름세 연출 중이고요, 반면 백금과 구리, 니켈 선물은 1% 내외로 하방압력 받고 있습니다.암호화폐 시황도 살펴보겠습니다. 비트코인은 100,000달러 고지를 앞두고 92,000달러 지지선도 붕괴됐습니다.주요 ETF 동향도 살펴보겠습니다. 3대 지수 ETF 모두 상승 중이고요, 섹터별로는 XLP 필수소비재 ETF가 0.35%, XLV 헬스케어 ETF가 0.44% 정도로 상승폭이 가장 크고요, 반대로는 SOXX 반도체 ETF가 1.8%로 낙폭이 가장 큽니다.오늘은 ‘탄소 배출권’을 주제로 한 ETF 2가지 살펴보겠습니다. 탄소배출권이란 할당량과 크레딧을 포괄하는 개념으로, 할당량은 국가 또는 지역 내에서 정한 온실가스 배출 총량만큼 발전이나 생산 설비 등 주요 온실가스 배출원에 지급된 온실가스 배출 권리를 뜻하고요, 크레딧은 외부 온실가스 저감 프로젝트에 대해 기준 전망치 대비 온실가스 배출량을 줄였다는 증서로서, 해당 프로젝트에 지급되는 배출권을 가리킵니다. 즉, 탄소배출권 거래제란, 국제적인 기후변화 대응 체제의 기틀을 마련한 교토의정서에서 규정한 상업 거래의 개념으로, 온실가스 배출 권리인 탄소배출권을 시장에서 매매하는 시스템을 의미하죠. 쉽게 말해, 온실가스를 배출할 권리를 사고파는 건데요, 최근 환경오염 방지를 위한 규제에 따라 시장의 수급이 변화하며 해당 시장의 규모가 증대되고 있습니다. 환경 규제가 강화되면 국가와 기업들은 이 탄소배출권을 구매해야 하고요, 이에 따라 탄소배출권의 가격이 상승하고 친환경 산업 등을 영위하는 기업들의 이익도 커진다는 걸 기본 원리로 하고 있습니다.첫번째 ETF는 ‘아이셰어즈 글로벌 카본 ETF’, 티커명 KRBN입니다. 아이셰어즈에서 운용하고 있고요, 탄소배출권 시장에서 거래되는 선물 계약에 투자하는 ETF입니다. 미장 내 탄소배출권과 관련된 ETF는 크게 4가지로 나뉩니다. 탄소배출권이라는 추종 자산 자체는 동일하지만 보통 국가별로 구분을 하는데요, 이 KRBN ETF는 이 4개 탄소배출권 ETF 중 시가총액도 가장 큽니다. 미국 탄소배출권 ETF라 하면 보통 이 KRBN ETF가 제일 대중적으로 유명하죠. 유럽과 미국 시장의 탄소배출권을 주로 취급하는데요, 유럽이 75%로 더 많고 미국은 25% 남짓입니다. 유럽 탄소배출권은 전세계 시장의 90%를 차지합니다. 고로 당연히 미국보다는 유럽 탄소배출권 ETF가 더 유망하겠죠. ‘크레인셰어즈 캘리포니아 카본 allowance ETF’, 티커명 KCCC는 반면 미국 캘리포니아 지역에 한정됩니다. 잠시 후에 두번째 ETF로 살펴볼, 티커명 GRN인 ‘아이패스 시리즈 B 카본 ETN’, 그리고 티커명 KEUA인 ‘크레인셰어즈 유러피안 카본 allowance ETF’는 유럽 시장에 국한된 탄소배출권을 다루는 펀드입니다.로이터 통신은 이날, 지난해 미국의 탄소배출권 거래 현황 조사 결과, 테슬라가 압도적으로 많은 매출을 올렸다고 전했습니다. 외신을 직역하면 ‘거의 싹쓸이 수준’이라고 표현했는데요, 테슬라는 세계 최대 전기차 제조업체죠? 많은 이들이 테슬라를 전기차 기업으로만 알고 있지만, 부차적으로 ‘탄소배출권’으로도 이윤을 추구하는 곳이라는 점은 잘 알려지지 않았습니다. 테슬라 뿐 아니라 자동차 제조사들 모두, 탄소배출권의 기준에 따라, 온실가스 배출을 감축한 만큼 탄소배출권을 획득할 수 있습니다. 다만, 타기업들의 탄소배출권 실적은 그다지 좋지 않은 반면, 테슬라는 작년 한해 약 3,400만 메트릭톤으로, 거의 압도적 1위를 차지했습니다. 환산하면 17억 9,000만 달러, 한화로는 무려 2조 5,000억원에 달합니다. 제너럴모터스, 그러니까 GM도 탄소배출권 권리를 가지고 있겠죠? 하지만 GM의 경우, 약 4,400만 크레딧의 탄소배출권을 매입해, 23억 2,000만 달러, 우리돈으로는 3조 2,400억원의 적자를 본 것으로 추산됐습니다. GM 뿐 아니라 테슬라를 제외한 모든 미국의 자동차 회사들은 탄소배출권을 판 것보다 구매한 양이 더 많아, 오히려 막대한 손실을 입은 것으로 보고됐습니다.다음은 ‘아이패스 시리즈 B 카본 ETN’, 티커명 GRN입니다. 미국 시장에서 유럽 탄소배출권 펀드로, 가장 잘 알려진 대표적인 상품입니다. 트레이딩이코노믹스에 따르면, 유럽 탄소배출권 가격은 지난해 2월, 톤당 100유로도 돌파했지만 올해 2월, 52유로까지 떨어졌고요, 이후 반등하며 80유로까지 재상승했지만 지금은 다시 56유로 수준으로 내려왔습니다. ‘녹색 전환’에 대한 긍정적인 전망과 함께 한동안 유럽의 강력한 탄소중립 정책과 러우 전쟁으로 인해 유럽 천연가스 가격이 급등하며 이에 부담을 느낀 대중들이 탄소발생을 유발하는 석탄 발전으로 선회한 게 유럽 탄소배출권 시장 확대의 주원인이었는데요, 이후 유럽에 이상고온 현상이 발생해 천연가스 가격이 낮아졌고, 유럽연합 EU가 재생에너지 비중을 늘리는 ‘리파워 EU 정책’을 발표하며 탄소배출권 공급도 증가했고, 분위기는 반전됐습니다. 또, 탄소배출권의 주배출처였던 빅테크가 잇따른 원전 투자를 단행하며, 탄소배출권 구매를 중단한 것도 하나의 원인이었죠.하지만 이 같은 겹악재에도, 전문가들은 중장기적으로는 탄소배출권 가격이 상승세를 보일 것으로 보고 있습니다. 배출권거래제 대상 산업, 배출권 선판매에 따른 공급 축소, 또 유럽에 이어 영국과 미국 역시 탄소국경을 강화할 것이라며, 글로벌 배출권 가격은 결국 동조화 가능성이 크다고 진단하고 있습니다. 오늘 소개한 ETF들은 탄소배출권의 가격이 상승할 때 이익을 보는 구조인데요, 아이러니하게도, 투자자 입장에서는 수익을 위해 탄소배출권 가격이 올라야 좋은 일이지만, 이는 곧 기업들의 탄소배출이 심해지고 환경오염이 악화될 때를 의미합니다. 탄소중립이라는 주제는 이처럼 인류에게 상당히 중요한 이슈입니다. 매우 복잡한 정치, 경제, 사회, 환경 등의 문제의 복합체인 만큼, 우리 모두 다각도에서 고민해 볼 필요가 있겠습니다.최보화 외신캐스터최보화외신캐스터 from.treasure@wowtv.co.kr"
한경,트럼프 당선에 인플레 우려…주춤하는금값,https://www.hankyung.com/article/2024112661401,"지난달 2800달러 선까지 치솟은 금 가격이 최근 들어 하락세다. 도널드 트럼프 미국 대통령 당선인의 정책이 물가 상승을 유발할 것이란 우려가 금값 상승세에 찬물을 끼얹었다는 분석이 나온다.25일(현지시간) 뉴욕상품거래소에서 금선물 12월물은 트로이온스당 2618.50달러에 마감했다. 이달 들어 4.78% 하락했다. 올해 상승세를 지속하며 연일 사상 최고가를 경신하던 모습과 대조적이다.금 상장지수펀드(ETF) 가격도 동반 하락했다. ‘TIGER 금은선물(H)’과 ‘KODEX 골드선물(H)’은 같은 기간 각각 5.14%, 4.52% 떨어졌다.트럼프 당선인은 대선 기간 관세 인상과 대규모 감세 정책을 공약했다. 이 같은 정책이 시행돼 물가가 다시 급등하면 미국 중앙은행(Fed)이 기준금리 인하 속도를 늦출 수 있다. 금리와 금값은 반대로 움직이는 게 일반적이다. 금리 상승기에는 투자금이 이자를 많이 받을 수 있는 금융 상품으로 이동한다. 금리 하락기에는 금융 상품의 이자율이 떨어지기 때문에 금 수요가 상대적으로 늘어난다. 미국 기준금리 인하 시기가 예상보다 늦어질 것이란 우려가 나오자 금값이 내린 이유다.달러 강세도 금값 하락을 부추겼다. 달러와 금은 안전자산으로 분류된다. 금보다 달러에 투자하는 게 낫다고 판단하는 투자자가 많으면 금 수요가 줄어 가격이 하락할 수 있다. 비트코인 등 암호화폐 가격이 뛴 것도 금의 매력을 떨어뜨렸다.증권가에서는 Fed의 금리 인하 방향성이 바뀌지 않은 만큼 내년까지 금 가격이 상승할 것이란 분석도 나온다. 김선화 삼성자산운용 ETF운용2팀장은 “중앙은행과 투자자의 금 매수세는 당분간 지속될 것”이라고 말했다. 전규연 하나증권 연구원은 “금 가격 고평가 우려로 신흥국 중앙은행의 금 매입 속도가 줄어들고 있는 점은 변수”라고 했다.양현주 기자 hjyang@hankyung.com"
한경,"신흥국 증시, 저점 기록 후 반등 전망 [원자재 &ETF뉴스]",https://www.hankyung.com/article/2024112640455,"원자재 시황도 살펴보겠습니다. 현재 시간 5시 44분 지나가고 있고요, 5시 수치를 기준으로 하고 있습니다. 국제유가부터 확인해 보겠습니다. 중동 지역의 합의에 대한 긍정적인 보도들이 나오자 유가는 이날 3% 넘게 떨어지고 있습니다. WTI는 70달러를 하회하며 69달러 초반대, 브렌트유는 73달러 초반대 지나가고 있고요, 미국 천연가스 선물은 추워지는 미국 전역의 날씨와 트럼프의 LNG 수출 허가 등으로 인해 5% 넘게 급등하고 있습니다. 호주의 생산량 증대로 밀 선물이 1.5% 내외로 하방압력 받고 있고요, 대두와 설탕, 코코아 선물은 약보합권에서 등락폭을 줄여나가고 있습니다. 중동 일대의 지정학적 리스크가 줄어들자 안전선호심리가 축소되며, 금 가격의 지난 5거래일간의 랠리가 중단됐습니다. 금 선물이 이날 3% 넘게 빠지고 있고요, 온스당 2,700달러 아래로 밀려났습니다. 은 선물도 3% 가까이 내려가고 있고요, 주요 금속 선물들도 혼조세 보이고 있습니다. 팔라듐과 백금 선물이 3% 하락한 반면, 구리와 니켈 선물은 각각 0.5%, 그리고 2%대 상승 중입니다.암호화폐 시황도 살펴보겠습니다. 비트코인, 오늘도 또한번 조정을 받는 모습입니다.주요 ETF 동향도 살펴보겠습니다. 3대 지수 ETF 일제히 상승 중이고요, 섹터별로는 XLY 임의소비재 ETF가 1%대로 상승폭이 가장 크고, 반대로 XLE 에너지 ETF가 1.5%로 낙폭이 가장 깊습니다.오늘은 ‘신 투자 전략’을 주제로 한 ETF 2가지 살펴보겠습니다. 신흥국 증시, 그리고 채권 관련 소식들 차례대로 체크해 보겠습니다. 먼저, ‘아이셰어즈 MSCI 이머징 마켓 ETF’, 티커명 EEM입니다. 중국, 인도, 브라질, 우리나라 등 신흥국 대형주들을 따릅니다. 주요 신흥국들의 우량주를 취급한다는 장점이 있지만, 중국과 같은 일부 국가들의 영향력에 좌우될 수 있다는 점은 유의해야 합니다. 또다른 신흥국 ETF로는 ‘아이셰어즈 MSCI 코어 이머징 마켓 ETF’, 티커명 IEMG가 있습니다. EEM ETF와 구조는 비슷하지만 중소형주들까지 같이 들어가 있고요, ‘뱅가드 FTSE 이머징 마켓 ETF’, 티커명 VWO는 중국과 인도, 또 대만 등의 대형 신흥시장 주식들을 위주로 합니다. ‘아이셰어즈 MSCI 이머징 마켓 익셉 차이나 ETF’, 티커명 EMXC는 이름 그대로 대만, 우리나라, 인도, 브라질 등 중국을 제외한 신흥 시장 국가의 주식을 주로 다룹니다.글로벌 증시 중 미국의 단독 질주가 이어지는 가운데, 신흥국 시장에서는 자금이 이탈되고 있습니다. 지난 10 월 한달간, 신흥국 시장에서 빠져나간 금액은 255억 달러로, 팬데믹 이후 최대였는데요, 구체적으로는 아시아 신흥국에서 68억 달러, 유럽 내 신흥국에서는 52억 달러, 라틴아메리카에서는 36억 달러가 유출됐습니다. 특히, 중국의 부양책 기대감까지 낮아지며 중국 시장에서는 지난달, 90억 달러가 소실됐고요, 신흥국 대표 주자였던 인도의 니프티 50 지수도 근 한달간 6% 넘게 하락했습니다. 하지만 월스트리트저널은 오히려, 역사적 저점까지 낮아진 신흥국 증시가 장기 투자자들에게는 새로운 기회를 제공하고 있다고 전했습니다. 또, 모간스탠리캐피털인터내셔널 지수를 무시하고 반등할 만한 국가들의 종목을 잘 가려내야 한다고 부연하기도 했습니다. 현재 멕시코와 남아공, 브라질, 튀르키예 등, 이 지수 기준으로는 미국 시장의 절반에도 못 미치는 밸류에이션을 보이고 있는 국가들은, 지도자 문제 등 내수 문제를 해결한다면 장기 전망이 뛰어나다며, 가령 브라질은 6%의 배당수익률로, 1.5% 수준인 미국 S&P500의 4배에 이르는 매력도를 제공한다고 강조했습니다. 또, 우리나라와 대만도 권장했는데요, 포르투갈이나 그리스와는 달리 삼성전자나 TSMC 같은 하이테크 기업을 보유하고 있고, 뛰어난 인프라를 갖추고 있어 선진국인 일본과 공통점이 많다고 진단했습니다. 월스트리트저널은 또, 중동의 유일한 선진국인 이스라엘, 신흥 시장 편입을 대기 중인 아르헨티나도 유망하다고 봤습니다. 다만, 인도는 이미 고점에 다다른 국가라고 보며, 중장기적인 차원에서 본다면, 저가 신흥시장 종목 중 이른바 ‘거북하다고 생각되는 종목’을 매입하면 수익을 낼 것이라고 권했습니다.다음은 ‘아이셰어즈 만기 20년 이상 미국 국채 ETF’, 티커명 TLT입니다. 아이셰어즈에서 운용하고 있고요, 미국 대표 장기채 ETF입니다. 미장에 상장된 채권 ETF는 크게 4가지로 나뉩니다. 일단 미국 전체 채권 시장의 벤치마크 역할을 하는 ‘아이셰어즈 코어 미국 에그리게이트 본드 ETF’, 티커명 AGG는 채권 시장에 한해 안정적인 분산 투자가 가능하기 때문에 리스크가 적고 운용 보수도 저렴하다는 장점이 있습니다. 다만, 고금리 시기에는 투자가 저조하고 초저금리 환경에서는 수익률이 낮다는 한계가 있습니다. 미국 국채, 투자등급 회사채, 모기지담보 채권 MBS 등 다양한 채권을 추종하는 가운데, 듀레이션이 6.5년, 만기 7~8년 수준의 채권 비중이 가장 높은 ‘뱅가드 토탈 본드 마켓 ETF’, 티커명 BND는, 높은 신용 등급의 국채와 회사채로 구성돼 있어 경기침체 시 방어적인 역할을 수행하지만 듀레이션이 중기 수준이기 때문에 금리 상승기에는 가치가 하락할 확률이 높고요, 물가연동국채, 즉 TIPS가 부재하기 때문에 인플레이션 헷지에 취약합니다. 다음으로는 미국 외의 국가들, 특히 유럽과 일본 등 선진국의 투자등급 채권에 투자하는 ‘뱅가드 토탈 인터내셔널 본드 ETF’, 티커명 BNDX도 있습니다. 환헤지 기능이 포함돼 있다는 게 특징적인데요, 전세계 채권을 골고루 추적할 수는 있지만 환율 헤지 비용이 발생한다는 단점은 있습니다.다시 돌아와, ‘투자의 대가’ 워런 버핏의 버크셔 해서웨이가 22년 만에 처음으로 채권 투자에 나섰다는 보도가 나왔는데요, 미국 증시에 대한 경고라는 분석입니다. 니혼게이자이 신문은, 버핏이 최근 현금성 자산 대부분을 유동성이 높은 단기 채권인 미국 재무부 단기재정증권에 투자했다고 전했는데요, 단기재정증권 외의 채권 투자를 포함하면, 9월 기준, 버크셔의 채권 투자액은 3,040억 달러로, 주식 투자액인 2,716억 달러를 넘었다는 집계가 나온다고 매체는 덧붙였습니다. 이에 따라 버크셔는 이제, 채권을 주요 투자처로 하는 기관이 됐는데요, 닷컴버블 붕괴 사태가 있었던 2001년에서 2002년 이후 22년 만입니다. 주식 운용 리스크를 줄이고 채권 투자를 늘린 버핏의 이러한 행보는, 과대평가된 미국 주식시장에 대한 대비라고 니혼게이자이 신문은 지적했는데요, 실제로 미국 증권거래위원회 SEC에 버크셔가 제출한 13F 보고서에 따르면, 지난 9월 말 기준, 버핏은 그간 ‘보물’이라고 불렀던 애플 주식을 3개월 만에 25% 줄여, 4분기 연속 매도했고요, 뱅크 오브 아메리카 등 금융주도 팔았습니다. 오히려 현금이 전년 동기 대비 2배 증가한 3,252억 달러로, 전체 자산의 30%까지 확대하는 등, 다른 방식을 택하고 있죠. 지난 2000년에도 버핏은 프레디맥의 주식을 모두 매각하고 그 대금으로 채권을 매입한 바가 있습니다. 니혼게이자이 신문은, 현재 S&P500의 목표치와 미국 장기 금리의 차이는 22년 전과 비슷한 수준이며, 즉, 현재 미국의 주식시장이 고평가돼 있고, 버핏도 그렇게 판단한 것으로 풀이된다고 강조했습니다.최보화 외신캐스터최보화외신캐스터 from.treasure@wowtv.co.kr"
한경,글로벌 환율 시장의 개편 [원자재 &ETF뉴스],https://www.hankyung.com/article/2024112515065,"(방송 원문입니다.)지난 금요일, 원자재 시황도 살펴보겠습니다. 국제유가부터 확인해 보겠습니다. 러우 전쟁의 격화에 더해 중국이 트럼프의 관세 부과 위협에 대응해, 금융 지원의 증대와 환율의 안정적인 관리 등을 통해 자국의 대외무역 기업을 지원하는 정책을 공개하자, 중국의 11월 원유 수입의 반등이 예측되며 유가는 이날 1%대 상승했고요, 주간 기준으로는 전쟁 공포감에 기인해 WTI가 한주간 6%, 브렌트유는 5% 오른 것으로 보고됐습니다. WTI는 71달러 초반대, 브렌트유는 75달러 초반대에 장 마쳤고요, 미국 천연가스 선물은 이틀간 급등에 따른 차익실현 매물이 출회되며 6%대 하락했습니다. 대두 선물은 강보합권, 설탕 선물은 약보합권 나타낸 가운데, 호주의 생산 전망 호조에 밀 선물이 0.8% 하락, 코코아 선물은 서아프리카의 공급난에 이날도 5% 상승해, 톤당 9,000달러를 넘겼습니다. 지정학적 리스크에 따른 안전선호심리에 금 선물이 또 1%대 상승불 켰습니다. 온스당 2,700달러를 넘기며 2주래 최고치고요, 달러인덱스가 2년래 최고치를 경신한 이후, 금속 선물들은 혼조세 보였습니다. 팔라듐 선물이 2%, 구리 선물이 0.9% 빠졌고요, 관련해 UBS는 미국의 러시아산 팔라듐 제재에도 불구하고 전기차 캐즘과 공급 과잉으로 인해 중장기적으로는 가격 하락이 관측된다고 전했습니다. 한편, 백금과 니켈 선물은 각각 0.4%, 또 0.9% 뛰었습니다.암호화폐 시황도 살펴보겠습니다. 오늘은 약간의 조정을 받는 모습입니다. 비트코인 현재 1% 정도 하락하며 96,700달러 선 터치하고 있습니다.주요 ETF 동향도 살펴보겠습니다. 3대 지수 ETF 일제히 상승했고요, 섹터별로는 XLY 임의소비재 ETF가 1.4%로 상승폭이 가장 크고요, 반대로는 XLC 커뮤니케이션 ETF가 0.2%로, 거의 유일하게 낙폭을 키웠습니다.오늘은 ‘글로벌 환율’을 주제로 한 ETF 2가지 살펴보겠습니다. 달러화, 루블화, 그리고 유로화까지 차례대로 살펴보겠습니다. 먼저, ‘인베스코 DB 달러인덱스 불리시 펀드’, 티커명 UUP입니다. 인베스코에서 운용하고 있고요, 달러인덱스를 추종합니다. 트럼프 트레이드로 연일 상승세를 보이고 있는 달러인덱스가 지난 금요일 장, 유로화의 약세로 인한 반사효과, 그리고 미국의 지표 호조로, 장중 108선까지도 터치하며, 2022년 11월 이후 2년 만에 최고치로 기록됐습니다. 즉, 7주째 상승, 그리고 지난 3개월 간만 해도 6% 가깝게 급등한 셈입니다. 실제로 이날, 미국 11월 S&P 합성 제조업구매관리자지수 PMI는 55.3으로, 31개월래 최고치를, 미국의 11월 S&P 서비스업 PMI도 57.0으로, 32개월래 최고치에 달했습니다. 주요 월가 IB들은 이 같은 달러화 강세는 앞으로 1년간 더 이어질 것이라고 전망했습니다. 골드만삭스는 미국의 견조한 성장과 트럼프 정권의 고관세 등으로 인해, 앞으로 최소 6개월에서 12개월 간은 강달러 흐름이 유지될 것이라고 내다봤고요, HSBC도 차기 트럼프 행정부의 정책 우선순위 등에 대한 정보 불확실성, 미국의 공화당이 상하원을 모두 장악하는 레드스윕의 현실화, 또 연준의 통화완화 기조의 약화 등으로 인해 달러화는 상승 모멘텀을 보일 것이라고 전했습니다.반면, 러시아 중앙은행은 지난 금요일, 러시아의 공식 달러 환율을 102.58로 발표했습니다. 즉, 러시아의 루블화 가치가 2년 8개월 만에 최저치까지 떨어진 셈입니다. 미장에 상장됐던 러시아 ETF들도 적지 않았지만 지금은 모두 상장폐지가 됐습니다. 기존의 대표적인 상품 몇 개만 언급해 보자면, 러시아 증시 전반을 따르는 ‘반에크 러시아 ETF’, 티커명 RSX와 러시아 소형주들을 위주로 하는 ‘반에크 러시아 스몰캡 ETF’, 티커명 RSXJ가 작년 1월 초에, 그리고 가즈프롬 등 러시아 대형주들의 비중이 높은 ‘아이셰어즈 MSCI 러시아 ETF’, 티커명 ERUS, 러시아 증시를 3배로 추적하는 ‘디렉시온 러시아 불 3X ETF’, 티커명 RUSL도 재작년 3월 초에 거래가 정지됐습니다. 러시아 현재 매체인 코메르산트는, 루블화 가치 하락의 주된 원인으로 러우 전쟁 이후 강화된 서방의 견제와 미국이 러시아의 주요 금융기관인 가즈프롬을 제한 대상에 포함시킨 점을 꼽았습니다.지난 금요일, 블룸버그 통신은 미국 재무부와 국무부가 러시아 은행 50곳 이상, 러시아 증권 등기소 약 40개, 그리고 러시아 금융관료 15인 등 118개 단체와 개인을 그 명단에 올렸다고 보도했는데요, 특히 러시아와 유럽 각국 간의 천연가스 거래 결제를 담당하는, 러시아 국영 에너지 기업, 가즈프롬의 자회사인 가즈프롬뱅크도 해당이 된다는 점이 러시아에게는 적잖은 충격을 줬을 것으로 보입니다. 사실 그간 미국은 호주와 캐나다, 뉴질랜드, 영국과는 달리, 유럽이 러시아산 천연가스에 크게 의존하는 것을 고려해, 전세계 상품 시장의 혼란을 방지하고자, 가즈프롬뱅크를 직접적으로 제재한 적은 한번도 없었습니다. 하지만 이날 재닛 옐런 미국 재무부 장관은, 러시아 정부가 군인에게 급여를 제공하고 전쟁 물자를 구매하는 과정에서 가즈프롬 뱅크를 활용한다며, 이번 조치는 러시아 최대 은행을 겨냥한 것이라고 강조했습니다. 러시아는 최근, 우크라이나에 신형 중거리 탄도미사일, 오레시니크를 발사하며 전쟁의 재점화를 촉발시켰는데요, 관련해 이날 우크라이나는 지난 8월, 평화 협상에서 유리한 조건을 확보하고자, 기습 공격으로 장악했던 러시아 접경지 쿠르스크 영토의 약 40%를 러시아에 다시 내줬다고 공표했는데요, 관련해 젤렌스키 우크라이나 대통령은 내년에는 전쟁이 끝낼 수 있을 것이라며, 트럼프의 ‘종전’ 제안을 듣고 싶다고 밝혔습니다.다음은 ‘인베스코 유로 트러스트 커런시셰어즈 ETF’, 티커명 FXE입니다. 인베스코에서 운용하고 있고요, 유로화 강세 ETF입니다. 구체적으로는 유로화의 가치가 달러화보다 높아지면 이익을 보는 구조로 설계돼 있습니다. 반면 유로화 인버스를 뜻하는 ‘숏 유로ETF’, 티커명 EUFX, 유로화 인버스 2배 상품인 ‘울트라숏 유로 마이너스 2X ETF’, 티커명 EUO 등은 각각 강보합권, 그리고 1%대 상승 마감했습니다.유로 달러 환율이 장중 1유로당 1.03달러까지 떨어지며 2022년 11월 이후, 2년 만에 최저치를 찍었습니다. 1달러 당 1유로의 공식, 즉 패리티 가능성도 높아지고 있는데요, 유로존의 경기 우려가 고조된 영향입니다. S&P 글로벌과 함부르크상업은행은 모두, 유로존의 11월 합성 구매관리자지수 PMI를 48.1로 집계하며, 10개월 만에 최저치라고 발표했습니다. 예상치도 밑돌았고요, 다시 한번 경기 확장과 위축을 가늠하는 기준선인 50도 하회했습니다. 함부르크상업은행은, 유럽의 경제 상황이 이보다 더 나쁠 수는 없다며, 유로존의 제조업은 더 큰 침체를 맞이하고 있으며, 서비스업은 2개월 간의 미미한 확대 이후 고전하기 시작했다고 진단했습니다. 이에 따라 유럽중앙은행 ECB의 다음달 빅컷 확률은, 기존의 15%에서 현재는 50% 수준으로 높아졌고요, 유로화의 매도를 초래했습니다. 유럽중앙은행의 통화정책에 민감한 독일의 2년물 국채금리는 1.9994%로, 전장 대비 11bp 가까이 급락해, 2022년 11월 이후 처음으로 종가 기준 2% 선이 무너졌습니다. 여기에 더해 트럼프의 고관세로 인한 수출 타격, 또 독일과 프랑스 정치권의 신뢰 붕괴 등으로, 당분간 유로화의 약세는 불가피할 것으로 보입니다.최보화 외신캐스터최보화외신캐스터 from.treasure@wowtv.co.kr"
한경,"""펀드매니저 짐 싸야할 판""…로보어드바이저 성적표 봤더니",https://www.hankyung.com/article/2024112283826,"사진=게티이미지뱅크인공지능(AI) 알고리즘을 활용해 다양한 자산에 분산투자하는 로보어드바이저(RA) 펀드가 올해 두 자릿수의 수익률을 거둬 눈길을 끈다. 펀드매니저가 직접 운용하는 액티브 펀드가 초라한 성적을 기록한 것과 대조된다는 평가다. 미국 대통령 선거 이후 나타난 '트럼프 트레이드'(트럼프 정책 수혜 자산 투자) 등 불확실성이 높은 시장 환경이 이어지고 있어 앞으로도 RA 펀드를 활용한 투자 대응은 유효할 것이란 분석이다.23일 금융정보업체 에프앤가이드에 따르면 국내 14개 RA 펀드(설정액 10억원 이상)의 연초 후 이달 20일까지의 평균 수익률은 10.89%로 집계됐다. RA 펀드는 고도화된 AI 알고리즘을 통해 개인의 투자 성향에 맞춘 포트폴리오를 구성해 운용하는 상품이다.RA 펀드 중 유진자산운용의 '유진글로벌AI플러스(H)ClassC-F'가 연초 후 27.96%의 수익률로 가장 높았다. 이밖에 △'KB올에셋AI솔루션EMP(혼합-재간접형)(UH)A-E' 16.68% △'키움글로벌파도타기EMP[주식혼합-재간접형]C-F' 12.22% △'신한AI자산배분(H)[주식혼합-재간접형](종류C-re)' 9.67% 등이 양호한 수익률을 기록했다.RA 펀드가 분산투자에 최적화된 만큼, 올해 종목 선정에 어려움이 컸던 시장 환경에서 빛을 볼 수 있었다는 평가다. 금융투자업계 관계자는 ""국내 RA 펀드 대부분은 자산 배분형으로 돼 있어 주식이 꺾이는 구간에서도 채권이나 금 등 다른 자산군으로 방어해 상대적으로 성과가 안정적이었다""며 ""반면 액티브 펀드는 개별 종목 베팅의 위험을 항상 가지고 있다""고 설명했다.특히 같은 기간 펀드매니저가 직접 운용하는 액티브 펀드 385개의 평균 수익률이 마이너스(-)를 기록한 것과 비교하면 크게 선방했다. 액티브 펀드 평균 수익률은 -5.07%로 되레 손실을 봤다.당분간 RA 펀드에 대한 투자가 유효하다는 분석이 나온다. 트럼프 2기 행정부의 구체적인 정책 윤곽이 나오기 전까지 높은 불확실성에 따른 개별 종목 장세가 펼쳐질 것이란 예상이 나오면서다. RA 펀드가 빅데이터를 분석해 자산 배분 전략을 수립하는 만큼, 이 같은 시장 환경에 적합한 투자 수단이 될 수 있다는 설명이다. 업계 관계자는 ""최근만 봐도 테슬라처럼 특정 종목을 잘 선정해 투자했다면 높은 수익을 봤겠지만, 같은 섹터라도 다른 종목에 투자했다면 손실 가능성이 컸다""며 ""국내 RA 펀드는 주로 개별 종목보다 ETF를 여러 개 담는 EMP 상품이기 때문에 투자 대안으로 적합하다""고 말했다.또 다른 업계 관계자는 ""펀드매니저들이 짐을 다 싸야 할 정도로 성과 차이가 있었다""며 ""RA 알고리즘은 기본적으로 30년 이상의 데이터를 누적해 만들어야 하고, 여기에 들어간 데이터의 유효성도 검증한다""고 말했다. 이어 ""RA 알고리즘은 포트폴리오 자산 배분의 정밀함, 매매 타이밍, 현재 시장 상황에서 가장 적합한 매매 수량 등 갈수록 고도화되고 있다""고 평가했다.고정삼 한경닷컴 기자 jsk@hankyung.com"
한경,"'트럼프 날개' 단 비트코인…""20만弗 꿈꾼다""",https://www.hankyung.com/article/2024112292951,"22일 서울 서초동 빗썸라운지 강남점에서 한 직원이 비트코인 가격을 확인하고 있다.  /이솔 기자도널드 트럼프 미국 대통령 당선인의 집권 2기가 다가오면서 세계 금융·자산시장이 요동치고 있다. 트럼프 당선인의 규제 완화 기대로 암호화폐 가치는 치솟고 있고, 관세 부과에 따른 유럽 경제 타격 우려로 유로화 가치는 급락세를 보이고 있다.22일 미국 최대 암호화폐거래소 코인베이스에서 비트코인 가격은 9만9000달러를 돌파했다. 오전 4시15분에 전일 대비 5.09% 오른 9만9055달러에 거래됐다. 암호화폐 가격 급등은 트럼프 당선인이 관련 산업을 키우겠다고 공약한 영향이 크다. 트럼프 당선인은 지난 7월 암호화폐 연례 최대 행사인 비트코인 콘퍼런스에 미국 대선 후보로는 처음 참석해 “친비트코인 대통령이 되겠다”고 약속했다. 미국 대선일이던 이달 5일 7만달러 아래에서 거래되던 비트코인은 지난 16일간 약 45% 급등했다.일각에서는 트럼프 2기 행정부에서 비트코인이 국가 준비자산이 될 것이라는 기대도 나온다. 관련 법안도 발의돼 있다. 준비자산이란 각국 중앙은행이 대외 결제를 위해 보유하고 있는 자산으로 달러 같은 기축통화와 국제통화기금(IMF) 특별인출권(SDR), 금 등이 해당한다. 미국이 비트코인을 준비자산으로 저장하면 다른 국가도 이를 준비자산으로 매입할 가능성이 크다. 투자회사 ARK인베스트먼트의 캐시 우드는 2030년까지 비트코인 가격이 최대 150만달러에 도달할 것으로 내다봤다. 과열 우려도 있다. 암호화폐투자사 갤럭시인베스트먼트파트너스의 마이클 노보그라츠 최고경영자(CEO)는 CNBC 방송에서 “(투자자들의) 암호화폐 투자 레버리지가 너무 높아 조정이 있을 것”이라고 말했다.‘암호화폐 저승사자’로 불린 게리 겐슬러 증권거래위원회(SEC) 위원장은 이날 X(옛 트위터)를 통해 “(트럼프 당선인이 취임하는) 내년 1월 20일 위원장직을 내려놓겠다”고 밝혔다. 2021년 4월 취임한 겐슬러 위원장의 임기는 2026년까지다. 겐슬러 위원장은 유동성이 커 위험하다는 이유로 현물 비트코인 상장지수펀드(ETF) 출시에 반대하는 등 암호화폐 규제에 앞장섰다.달러 대비 유로화 가치는 연일 추락하고 있다. 21일(현지시간) 국제 외환시장에서 유로·달러 환율은 한때 유로당 1.046달러까지 하락(달러 강세)해 2022년 11월 후 최저치를 찍었다. 트럼프 2기 행정부가 10~20%의 보편관세를 부과하면 유로존(유로화 사용 20개국) 수출 경제가 타격받을 것이란 전망 때문이다. 이런 추세라면 내년 트럼프 취임과 함께 1유로 가치가 1달러 이하로 떨어지는 ‘패리티 붕괴’가 일어날 것이란 관측이 나온다.블룸버그에 따르면 최근 바클레이스, 도이체방크, 노무라인터내셔널 등 10개 은행이 유로화 콜(매수) 옵션을 대폭 줄였다. 조지 사라벨로스 도이체방크 외환리서치책임자는 “유로·달러 환율은 0.95달러 이하로 하락할 수 있다”고 내다봤다.뉴욕=박신영 특파원/김인엽 기자 nyusos@hankyung.com"
한경,"비트코인 '파죽지세'…""50만달러 이상 간다""",https://www.hankyung.com/article/2024112280385,"연일 신고가를 경신하고 있는 가상화폐 대장주 비트코인이 사상 첫 '10만 달러' 돌파를 눈앞에 두고 있다.21일(현지시간) 미국 최대 가상화폐 거래소 코인베이스에서 비트코인은 9만9천달러를 돌파했다.2017년 11월 사상 처음 1만 달러를 돌파하며 상승 곡선을 그려온 이후 7년 만에 자릿수를 늘리며 '10만 달러 시대'에 돌입할 태세다.지난 1월 미 당국의 현물 비트코인 상장지수펀드(ETF) 승인 이후 7만3천800달러까지 급등하며 2021년 11월 최고가를 2년 4개월 만에 경신한 비트코인은 당시만 해도 10만 달러는 멀게만 느껴졌다.지난 4월 비트코인 공급량이 절반으로 줄어드는 '반감기'를 전후로 기대됐던 급등은 일어나지 않았고, 이후 이렇다 할 모멘텀이 없었다. 이에 7만 달러를 넘었던 가격도 8월에는 5만 달러 아래까지 떨어졌다.비트코인 10만 달러에 불을 댕긴 건 도널드 트럼프 전 대통령이었다.미 대선일이던 지난 5일 오전 7만 달러 아래에서 거래되던 비트코인은 10만 달러선을 기준으로 16일간 약 45% 급등했다.1기 행정부 시절 부정적이었던 트럼프 당선인의 가상화폐에 대한 시각은 이번에는 확 바뀌었다.현 정부의 규제 강화에 불만을 드러냈던 가상화폐 업계는 이번 대선에서 막대한 선거 자금 기부로 트럼프에 '올인'했고, 그는 그런 업계를 적극 끌어안았다.대선 기간인 지난 7월 가상화폐 연례 최대 행사인 비트코인 콘퍼런스에 미 대통령 후보로 처음 참석하며 업계에 대한 애정을 드러냈다.그는 ""미국이 지구의 가상화폐 수도이자 세계의 비트코인 슈퍼파워""가 되도록 하겠다면서 가상화폐 산업을 적극적으로 육성하는 ""친비트코인 대통령""이 되겠다고 공약했다.트럼프는 가상자산을 규제하려고 한 개리 겐슬러 증권거래위원장을 해고하고 가상화폐 관련 대통령 자문위원회를 신설하겠다고도 약속했다.그러면서 ""절대 비트코인을 팔지 말라""며 ""이것은 사실상 미국의 전략적 비트코인 비축량(strategic national bitcoin stockpile)의 핵심이 될 것""이라고도 했다.당선 후 이런 기대감에 비트코인은 연일 사상 최고가를 갈아치웠다. 지난 10일에는 사상 첫 8만 달러를 넘었고, 이틀 만인 12일에는 9만 달러도 돌파했다.가상화폐 기업 수장들은 친 가상화폐 인물 등용 등 업계 요구 관철을 위해 트럼프 대통령 당선인 인수팀과 접촉했고, 실제 전진 배치됐다.가상화폐에 친화적인 억만장자 금융 자산가인 투자은행 '캔터 피츠제럴드'의 하워드 러트닉 최고경영자(CEO)를 상무장관으로 지명했고, 가상화폐 도지코인을 띄우는 일론 머스크를 정부효율부 수장으로 내정했다.가상화폐 규제를 담당하는 증권거래위원회(SEC) 위원장에도 친 가상화폐 인물이 중용될 것으로 관측되고 있다.여기에 역대 처음 가상화폐 정책만을 전담하는 새로운 백악관 자리 신설도 검토 중인 것으로 20일 알려졌다. 전날 블룸버그 통신의 이같은 보도 이후 9만4천달러대에서 거래되던 비트코인 가격은 9만7천달러를 넘어서기도 했다.트럼프 2기 행정부에서 비트코인이 국가 준비 자산이 될 것이라는 기대감은 가격을 더욱 끌어올리고 있다. 준비자산이란 각 나라의 중앙은행이 대외 결제를 위해 보유하고 있는 자산으로 달러 같은 기축통화나 국제통화기금(IMF) 특별인출권(SDR), 금이 그 역할을 한다.공화당 신시아 루미스 의원은 미 연방준비제도가 5년에 걸쳐 매년 20만개씩 비트코인 100만개를 매입하도록 하는 법안을 발의한 상태다. 이는 비트코인 전체 공급량 2천100만개의 4.8%에 해당한다.미국은 이미 20만개 이상의 비트코인을 보유하고 있으며, 법안은 미국이 최소 20년 동안 비트코인을 장기 보유해야 한다고 규정하고 있다.미국이 비트코인을 준비자산으로 저장하면 세계 다른 국가들도 이를 준비자산으로 매입할 가능성이 크고, 이는 총량이 정해져 있는 비트코인이 '희소성'에 따라 가격 상승으로 이어질 것이란 기대다.준비 자산이 아니더라도 원유나 희토류처럼 '전략비축' 품목으로 지정해 사들일 수 있다는 전망도 나온다.비트코인 가격이 크게 오르면서 향후 전망도 상향되고 있다.가상자산 운용사 갤럭시 디지털의 창립자 마이클 노보그라츠는 ""가능성은 낮지만 전략적 준비 자산이 되면 가격은 50만 달러까지 오를 것""이라며 ""다른 모든 국가도 비트코인을 채택해야만 하기 때문""이라고 말했다.'돈나무 언니'로 잘 알려진 투자회사 ARK인베스트먼트의 캐시 우드는 2030년까지 비트코인이 최대 150만 달러까지 도달할 수 있다고 전망했다.그는 트럼프 2기 행정부의 친가상화폐 정책과 규제 완화가 시장에 긍정적인 영향을 미치고, ETF로 자금 유입이 늘어날 것이라고 내다봤다.(사진=연합뉴스)김현경기자 khkkim@wowtv.co.kr"
한경,"연성 원자재, 기후플레이션 속 향후 전망은? [원자재 &ETF뉴스]",https://www.hankyung.com/article/2024112274015,"(방송 원문입니다.)원자재 시황도 살펴보겠습니다. 현재 시간 5시 44분 지나가고 있고요, 5시 수치를 기준으로 하고 있습니다. 국제유가부터 확인해 보겠습니다. 우크라이나가 러시아가 공격 중 대륙간탄도미사일을 발사했다고 밝히자, 지정학적 리스크가 부각되며 유가는 2% 넘게 뛰고 있습니다. 다만, 미국의 주간 원유 재고가 전주 대비 54만 5,000배럴 증가하며 예상을 크게 웃돈 점은 유가의 상단을 제한해 주고 있다는 분석입니다. WTI는 70달러 초반대, 브렌트유는 74달러 초반대 지나가고 있습니다.미국 전역의 추워지는 날씨로 어제 3달러 40센트까지 치솟으며 5개월래 최고치를 기록했던 미국 천연가스 선물은, 미국의 대유럽 LNG 수출이 급증할 것이라는 오늘자 로이터 통신에 보도까지 나오자 오늘도 5%대 올라가고 있습니다. 러우 전쟁 격화에도 불구하고 달러화 강세로 인해 대두와 밀, 그리고 설탕 선물은 각각 0.9%, 그리고 0.6%, 그리고 1.2% 정도 내려가고 있고요, 가나와 코트디부아르의 생산 차질로 코코아 선물은 오늘도 2%대 상승 중입니다. 러시아와 우크라이나의 사태를 관망하며, 안전자산 선호심리가 높아졌습니다. 금 선물이 0.7% 다시 한 번 상방압력 받고 있고요, 주요 금속 선물들은 혼조세 보입니다. 은 선물 약보합권, 백금 선물은 강보합권 보이고 있고요, 미국의 러시아산 팔라듐 제재를 주시하며 팔라듐 선물이 오늘도 2% 가깝게 오름세 연출하고 있습니다.암호화폐 시황도 살펴보겠습니다. 트럼프 당선인이 백악관 내에 암호화폐 전담직을 신설하겠다는 발언의 파장이 오늘도 이어집니다. 비트코인 장중 99,000달러를 돌파했고요, 현재는 약간 내려온 97,900달러 선 터치하고 있습니다.주요 ETF 동향도 살펴보겠습니다. 3대 ETF 일제히 상승 중이고요, 섹터별로는 SOXX 반도체 ETF가 2%로 상승폭이 가장 크고, XLC 커뮤니케이션 ETF는 0.2%로 거의 유일하게 하락하고 있습니다.오늘은 ‘연성 원자재’를 주제로 한 ETF 2가지 살펴보겠습니다. 코코아, 그리고 올리브유 관련 소식들 차례대로 체크해 보겠습니다. 연성 원자재, 영어로는 ‘Soft commodity’라고 하죠? 기호 식품이나 식품 첨가물로 사용되는 식자재들을 이르는 말로, 오늘 다룰 올리브유와 코코아를 포함해 대두, 옥수수, 밀, 커피, 돈육, 생우, 오렌지주스, 면화 등이 여기에 해당되고요, 이중에서도 코코아, 커피, 설탕, 면화, 오렌지주스가 5대 연성 원자재로 불립니다. 관련해 ‘인베스코 DB 애그리컬쳐 펀드’, 티커명 DBA입니다. 인베스코에서 운용하고 있고요, 농산물, 그러니까 연성 원자재들을 두루두루 아우르고 있습니다. 설탕이 18%로 가장 많이 들어 있고요, 생우가 12.9%, 코코아와 커피가 12.5% 내외입니다. 원자재 관련 ETF 중 가장 대중적인 ETF고요, 각 원자재들의 가격이 상승하는 시기에 이익을 보는 구조입니다. 다만 운용 보수가 0.9% 정도로 높은 데 반해, 상대적인 수익률이 높지는 않은 편이라, 장기 투자용까지는 아니지만 전통적인 원자재들로 구성돼 있는 만큼, 경기 방어적 성격으로 전략을 다각화시키거나 경제 불확실성이 높아지는 시기에 포트폴리오를 안정화시키는 데는 적합하고요, 혹은 미국의 인플레이션이 심화됐을 때, 유가가 올랐을 때, 혹은 원자재들의 이른바 ‘에브리싱 랠리’가 장기화될 때, 단기적인 효율을 추구하기에 좋습니다. 미장에 상장된 대표적인 연성 원자재 ETF라 하면, 옥수수 선물을 추종하는 ‘투크리움 옥수수 ETF’, 티커명 CORN, 밀 선물을 따르는 ‘투크리움 밀 ETF’, 티커명 WEAT, ‘투크리움 설탕 ETF’, 티커명 CANE가 있습니다. 각각의 품목을 취급하는 만큼, 당연히 개별적인 이슈들에 의해 움직입니다. 세계 최대 올리브유 생산국인 스페인의 올리브유 가격은 올해 중반까지만 해도 전년비 112% 상승으로 기록될 정도로, 공급 문제가 심각했는데요, 현지 매체들에 따르면 올해 하반기부터 올리브유의 가격은 다시 안정화되기 시작할 전망입니다. 생산 호조로, 올해 최고치 대비 약 절반 가까이 낮아질 것으로 보이는데요, CNBC는 미국 내 올리브유 가격의 이번 년도 고점은 한병당 12달러 39센트였는데, 연말쯤에는 약 6달러까지 내려갈 것이라고 부연했습니다. 스페인 농업부는 이날, 이번 분기 남부 유럽 국가들의 총 올리브 수확량은, 전년비 48% 증가한 130만 톤에 육박할 것이라고 밝혔고요, 그리스 역시 금분기 올리브 생산량은 지난 분기에 비해 약 15만 톤에서 23만 톤 늘어날 것이라고 발표했습니다. 이탈리아의 올리브 농작 불황은 여전하지만, 독일 DPA 통신은, 그럼에도 불구하고 이미 스페인과 그리스의 올리브 공급 개선만으로도 충분히 유럽 지역의 올리브 조달량을 충족시킬 수 있을 것이라고 전했습니다. 실제로, 독일 최대 할인마트 체인, 알디에서 판매되는 올리브유는 지난달, 기존의 8유로 99센트에서 6유로 79센트로 인하됐다고 합니다. 다만, 아직 엑스트라 버진 올리브유와 같은 고급 올리브유 등의 수급은 완전히 정상화되지 못해, 올리브유 시장의 불안정은 당분간 더 이어질 것으로 예상됩니다.다음은 ‘위즈덤트리 인핸스드 코모디티 스트래티지 펀드’, 티커명 GCC입니다. 위즈덤트리에서 운용하고 있고요, 주요 원자재 전반에 골고루 투자하는 상품입니다. 원유와 천연가스 등 에너지에 31%, 대두와 밀, 코코아, 설탕, 커피, 면화 등 연성 원자재에 25%, 금과 은, 백금, 구리, 니켈, 아연, 알루미늄 등 금속 선물에 35%의 비중을 배분하고 있고요, 특히 비트코인 선물에 투자한 최초의 ETF로, 약 3%의 비율로 비트코인도 담고 있습니다. 올 초, 신고가를 연일 재경신하고 다시 하락세를 보이던 코코아 선물이 다시 반등의 조짐을 보이고 있는데요, 장중 톤당 8,783달러까지도 돌파하며 5개월래 최고치를 보이고 있습니다. 본격적인 수확기를 앞두고 지난해에 이어 올해도 공급위기가 지속될 것이라는 관측이 나오고 있어서인데요, 주요 소비처인 유럽과 미국의 수요도 생각보다 견조해 그간의 공급 부족을 메워왔던 재고도 고갈되고 있는 것으로 분석됐습니다. 구체적으로, 북미 지역의 코코아 수요는 전년비 11.6% 급증하며, 예상을 크게 웃돌았고요, 이달 15일 기준, 뉴욕상품거래소의 코코아 인증 재고는 165만 포대로, 전년비 60% 감소, 런던상품거래소의 재고 역시 80% 급감했습니다. 이는 코코아 주재배지들의 작황 부진으로 인한 품귀현상으로, 해외 거래처들과의 사전 계약 물량을 출하하지 못하자, 원료를 조달하지 못한 이들이 거래소에서 현물을 끌어와 대응하는, 이른바 ‘밀수’가 성행한 것도 코코아 시장의 상황을 더 악화시키고 있는데요, 전문가들은 코코아 수급 경색은 당분간 나아지기 어려울 것이라며, 언제든지 또다른 충격이 발생할 수 있다고 일축했습니다. 관련해 JP모간 역시 올해와 내년, 전세계 코코아 시장에는 약 10만 톤의 공급 부족이 일어날 것으로 내다봤고요, 시장의 균형이 잡힐 때까지 중기 가격 전망을 톤당 6,000달러에서 내리지 않을 것이라고 했습니다.최보화 외신캐스터최보화외신캐스터 from.treasure@wowtv.co.kr"
한경,"비트코인 10만달러 눈앞…""백악관 전담팀 신설""",https://www.hankyung.com/article/2024112169095,"<앵커>비트코인 가격이 트럼프 효과에 힘입어 사상 최고치 행진을 이어가고 있습니다.도널드 트럼프 미국 대통령 당선인이 가상자산 정책을 담당하는 직책 신설을 논의 중인 것으로 알려지자, 매수세가 쏠리고 있습니다.박찬휘 기자입니다.<기자>비트코인 1개당 가격이 전날 사상 처음으로 9만4천 달러를 돌파한데 이어 오늘 오후 2시 30분 경엔 9만7천 달러까지 넘어섰습니다.우리 돈 1억3,680만 원 수준입니다.도널드 트럼프 미국 대통령 당선인이 본격적으로 친가상자산 정책을 펼치면서, 트럼프 수혜주에 투자하는 '트럼프 트레이드' 현상이 과열된데 따른 겁니다.블룸버그통신은 트럼프 당선인이 백악관에 가상자산 정책을 전담하는 직책을 만들려고 하고 있고, 후보자 선정도 마쳤다고 전했습니다.해당 직책은 의회와 정부, SEC(증권거래위원회) 등 관계 부처 사이의 소통을 담당할 예정입니다.[송인규 / 고려대 기술경영전문대학원 겸임교수 : 트럼프가 비트코인 등 이쪽에 있는 굉장히 큰 기회를 전략적으로 잘 활용하기 위해서는 자기가 일일이 대응하는 것보다는 보좌관 같은 자리를 하나 만들어서 이 사람을 통해가지고 SEC도 통제를 하고, 의회 대응도 하고 하는 것이 가장 효율적이라고 생각하는 거겠죠.]앞서 트럼프 당선인은 ""미국 정부가 보유한 21만 개의 비트코인과 향후 획득할 비트코인을 전량 보유하는 것이 트럼프 2기의 핵심 정책""이라고 밝히며 친가상자산 행정부의 출범을 알린 바 있습니다.트럼프 행정부가 친가상자산 정책에 드라이브를 거는 가운데, 가상자산업계도 적극적으로 동참하고 나섰습니다.브라이언 암스트롱 코인베이스 CEO는 전날 트럼프 당선인과 전화통화를 했고, 브라이언 브룩스 전 바이낸스 미국법인 CEO는 오늘 플로리다 마러라고 별장을 방문해 비공개 회담을 가졌습니다.비트코인 현물 ETF(상장지수펀드)에 이어 옵션거래까지 시작되면서 합법적 금융상품으로 자리 잡고 있다는 인식도 상승세에 힘을 보태고 있습니다.CNBC 등 외신들은 ""현재 많은 투자자가 암호화폐 자산을 금과 같은 장기 헤지수단으로 인식하고 있다""고 분석했습니다.비트코인 가격이 급등하는 가운데 우리나라에선 가상 자산 과세를 놓고 논란이 뜨겁습니다.더불어민주당이 공제 한도를 5천만 원으로 높여 내년부터 과세하겠다고 하자, 과세를 유예해달라는 국민청원이 등록 3일 만에 동의 수 5만 명을 돌파하는 등 반발이 커지고 있습니다.한국경제TV 박찬휘입니다.영상촬영 : 양진성, 영상편집 : 노수경, CG : 김민송박찬휘기자 pch8477@wowtv.co.kr"
한경,"정직한금값, 러시아 전쟁 위협에 4일째 반등 [원자재 포커스]",https://www.hankyung.com/article/202411216636i,"금값이 4일 연속으로 상승했다. 러시아와 우크라이나의 전쟁이 격해지면서다. 미국과 영국이 자국 장거리 미사일로 우크라이나가 러시아 영토를 공격하는 것을 허용했다. 러시아는 핵무기 사용을 언급하는 등 대응에 나설 조짐을 보이고 있다.로이터통신에 따르면 21일 오후 현물 금 가격은 전날보다 0.3% 상승한 트로이온스당 2657.40달러에 거래돼 지난 11일 이후 최고치를 기록했다. 전날 오후 런던 귀금속거래연합회가 고시한 트로이온스당 2640.55달러보다 소폭 오른 수준이다. 미국 금 선물도 0.3% 상승해 2659.9달러에 거래됐다. 지난달 트로이온스당 2783달러까지 올랐던 금값은 이달 14일 2548.45달러까지 내린 뒤 반등하고 있다.캐피털닷컴의 카일 로다 금융시장 분석가는 로이터통신에 ""우크라이나 전쟁의 격화와 핵무기 위협이 증가하는 광범위한 지역 갈등에 대한 두려움이 가격을 끌어올리고 있다""고 말했다. 우크라이나는 러시아 영토를 겨냥해 미국 에이테큼스(ATACMS) 미사일을 발사한 다음날 영국의 스톰섀도우 공대지 순항 미사일을 러시아 쿠르스쿠 지역에 발사했다.미국은 가자지구 휴전을 촉구하는 유엔 안전보장이사회 결의안에 또 거부권을 행사했다. 여기에 도널드 트럼프 미국 대통령 당선인으로 인한 경제적 위험, 낮은 이자율 환경에 대한 기대 등 금값 상승 요인이 겹쳤다. 주요 6개국 통화 대비 미국 달러화 가치를 나타내는 달러인덱스도 이날 0.1% 하락해 금값 상승에 힘을 보탰다.사진=AP투자자들은 미 중앙은행(Fed) 이사들의 발언과 미국 신규 실업수당 신청 데이터 등에 주목할 전망이다. 지난 20일 두 명의 Fed 이사가 통화 정책에 대해 상반된 발언을 내놨다. 한 명은 완강한 인플레이션에 대한 우려를 제기한 반면, 다른 한 명은 가격 상승 압박이 차츰 약해질 것이라고 낙관했다. 시카고상품거래소(CME) 페드워치에 따르면 투자자들이 12월에 미국이 기준금리를 0.25%포인트 인하할 것이라고 예상하는 비율은 50%대까지 떨어졌다.다음 달 Fed가 금리를 내린다면 금값에 역풍이 될 수 있지만 장기적으로는 금 가격이 강세를 보일 것이란 전망이 나온다. 세계 최대의 금 상장지수펀드(ETF)인 SPDR골드트러스트는 지난 20일 보유한 금이 0.36% 증가해 875.39톤(t)에 달했다고 밝혔다. .이현일 기자 hiuneal@hankyung.com"
한경,주식 시장 예측의 오랜 역사: 낙관론과 현실의 교차점 [인베스팅닷컴],https://www.hankyung.com/article/202411215623O,"By Lance Roberts트럼프 대통령의 재선 이후,S&P 500지수는 6,000선을 돌파하며 금융 시장에 큰 낙관론을 불러일으켰다. 예상대로, 장기적인 상승세를 예측하는 시장 강세론자들의 움직임도 활발해지고 있다.예를 들어, 경제학자 에드 야르데니는이 상승세가 지속될 것으로 보고 자신의 장기 전망을 수정하여, 2029년까지 S&P 500 지수가 10,000에 도달할 것으로 전망하였다.그의 예측은 세금 감면, 규제 완화, 기술 발전을 통한 생산성 향상 등 투자자 신뢰를 회복시키는 다양한 요인을 반영하고 있다.차트는 2009년 저점부터 현재까지의 강세장을 12개월 이동평균선과 2030년까지의 추세 채널 확장선으로 보여주고 있다. 야르데니의 전망은 놀라운 수치처럼 보이지만, 이는 연평균 약 7%의 수익률을 기록하는 수준이다.특히, 야르데니는 법인세 대폭 인하 가능성을 강조하고 있다. 그는 트럼프 대통령이 법인세율을 현재의 21%에서 15%까지 낮출 수 있으며, 이는 기업의 수익성을 크게 향상시킬 것이라고 전망한다. 세금 감면과 규제 완화는 기업이 마진을 확대하고 수익을 증가시키는 데 도움이 될 것이다. 이에 따라 야르데니는 S&P 500 기업들의 사상 최고 이익률이 계속될 것으로 예상하며, 주식시장에 대한 강세 전망을 뒷받침하고 있다.야르데니의 분석은 단기적인 전망에서도 주목할 만하다. 그는 S&P 500 지수가 2024년 말까지 6,100에 도달하고, 2025년에는 7,000, 2026년에는 8,000에 이를 것으로 예상하고 있다. 그는 이러한 목표가 기술 대기업의 견고한 실적과 투자자의 ""동물적 감각"" 재활성화로 가능할 것이라고 믿는다.그렇다면, 이러한 낙관론이 과연 타당한가? 그의 예측에는 반드시 고려해야 할 리스크가 있는가? 이에 대한 답은 “그렇다”이다. 야르데니는 과거에도 낙관적인 전망을 내놓았지만, 그 예측이 실현되지 않은 경우가 있었다. 1990년대 후반, 그는 S&P 500 지수가 2000년까지 5,000에 도달할 것이라고 예측했지만, 닷컴 붐 시기의 낙관론에도 불구하고 2000년 시장 하락으로 인해 목표를 달성하지 못했다. 2008년 금융위기 직전의 시장 상승기에도 그는 강세 전망을 유지했지만, 금융위기로 인해 예상이 빗나갔다. 지난 주 발행된강세-약세 보고서(Bull Bear Report)에서 다음과 같이 언급했다.장기적인 시장 전망과 관련해서는 1999년과 2007년 월가 분석가들이 비슷한 예측을 했던 점을 상기할 필요가 있다. 당시에도 높은 밸류에이션에도 불구하고, 분석가와 경제학자들은 경제 성장이 지속될 것이며, 기업 수익 증가를 뒷받침할 것이라고 믿었다. 그러나 낙관적인 전망에도 불구하고 경제 현실이 이를 압도하며 시장은 큰 폭으로 하락했다. 1972년 ""니프티 니프티(Nifty Fifty)""에 대한 기대에서도 같은 가정이 있었으며, 1929년 어빙 피셔가 시장이 ""영구적으로 높은 수준""에 도달했다고 선언했을 때도 마찬가지였다.그러나 ""동물적 감각(animal spirits)""의 부상이 강세 전망을 지속적으로 뒷받침하고 있다. 그렇다면 이 용어는 정확히 무엇을 의미하는가?동물적 감각의 문제""동물적 감각(animal spirits)""이라는 용어는 라틴어 spiritus animals에서 유래했으며, 이는 ""인간의 마음을 깨우는 숨결""을 뜻한다.이 용어는 기원전 300년경 인체 해부학과 생리학에서 기원했으며, 뇌의 감각 활동과 신경을 담당하는 체액 또는 정신을 의미했다. 의학적 기술 용어를 넘어, 동물적 감각은 문학적 문화에서도 사용되었다. 이 경우, 육체적 용기, 기쁨, 그리고 환희와 같은 상태를 가리켰다.현대적 의미로의 전환은 존 메이너드 케인스가 1936년에 발표한 “고용, 이자, 화폐의 일반 이론”에서 시작되었다. 그는 이 용어를 소비자 신뢰를 이끄는 인간 감정을 설명하는 데 사용했다.이후 금융 시장에서는 ""동물적 감각""을 투자자가 행동하도록 이끄는 심리적 요인을 설명하는 데 채택하였다.이는 인간 심리가 단기적인 가치 평가와 밀접하게 연결되어 있다는 점을 이해하는 데 중요하다.소비자 신뢰 대 후행 가치 평가2008년 금융위기는 경제와 금융시장에 있어 ""동물적 감각""의 역할에 대한 관심을 다시 불러일으켰다. 당시 벤 버냉키가 이끄는 연방준비제도(Fed)는 자산 가격을 상승시켜 소비자 신뢰를 ""지원""하기 위해 금융 시스템에 유동성을 주입하는 것이 필요하다고 판단했다. 그 결과는 경제 성장을 자생적으로 지속시키는 환경을 조성하는 것이었다. 2010년, 경제가 다시 경기 침체로 돌아설 위기에 놓였을 때 버냉키는 유명한 발언을 남겼다.연준의 목표는 단순했다. 투자자들의 ""동물적 감각""을 자극하는 것이었다.“이 접근법은 과거에 금융 여건을 완화시켰으며, 지금까지는 다시 효과적인 것으로 보인다.최근 조치를 투자자들이 예상하기 시작하면서 주가가 상승하고 장기 금리가 하락했다. 완화된 금융 여건은 경제 성장을 촉진할 것이다.예를 들어, 낮은 모기지 금리는 주택을 더욱 구입 가능하게 만들고 더 많은 주택 소유자들이 재융자를 할 수 있도록 할 것이다. 낮은 기업 채권 금리는 투자를 장려할 것이다.그리고 높은 주가는 소비자의 부를 증가시키고 신뢰를 높이는 데 기여하여 지출을 촉진할 수 있다.” – 벤 버냉키“버냉키 & Co.”는 주가를 대폭 끌어올리며 소비자 신뢰를 높이는 데 성공했다. (아래 차트는 미시간대와 컨퍼런스 보드 설문조사의 복합 지수를 보여준다. 음영 처리된 영역은 지수가 100 이상일 때를 나타낸다.)소비자 신뢰지수 종합지수그러나 2009년 이후, 연준의 대규모 대차대조표 확대와 자산 가격 급등에도 불구하고, 임금 상승, 정규직 고용, 세후 기업 이익으로 이어지는 효과는 상대적으로 미미했으며, 이는 결국 경제 성장을 거의 촉진하지 못하였다.연준 대차대조표와 경제 변수""동물적 감각""을 되살리려는 시도의 문제는 금융위기 이후 통화정책의 ""전달 체계""가 붕괴되었다는 점이다.미래에서 차입하는 방식의 불안정성유동성이 시스템 전반으로 흘러가지 않고, ""투자 가능한 부""를 보유한 기관과 초부유층에만 집중되었다.반면, 하위 90%의 미국인들은 여전히 월급에 의존해 생활을 이어갔다.아래 차트는 대규모 유동성 공급이 경제 성장으로 이어지지 못한 실패를 보여준다. 주식시장이 2007년 정점 이후 300% 이상 상승했지만, 자산 가격 상승률은 실질 GDP 성장률의 7배, 기업 매출 성장률의 약 3배에 달했다. (여기서는 회계 조작의 영향을 받지 않는 매출 성장률을 사용하였다.)미래로부터의 차입자산 가격은 경제 및 매출 성장과 연동되어야 한다. 따라서 이러한 괴리는 보다 근본적인 문제를 나타낸다. 시장은 중산층에서 부유층으로의 ""부의 이전"" 시스템으로 작용해 왔다. 이는 대중들 사이에서 ""자본주의가 망가졌다""는 불만이 계속 커지고 있다는 점에서 간과되지 않았다. 그러나 자본주의가 망가진 것은 아니며, 기본적인 경제 역학에서 뚜렷한 변화가 발생한 것은 사실이다. 주요 문제 중 하나는 기업의 수익성으로, 이는 우리가 지난주에 다룬 바 있다:“기업들은 두 가지 주요 사건을 명분으로 이익률을 확대하는 가격 인상을 성공적으로 추진해 왔다. 첫째, 코로나 팬데믹 이후의 공급 제약, 둘째, 러시아의 우크라이나 침공 이후의 원자재 비용 상승이다. 그러나 우리는 최근 이익률 급등의 주요 원인 중 하나가 대규모 재정 확장이라는 점을 여전히 강조한다. 요컨대, 정부의 지출이 기업들에게 이익을 가져다주고 있다.” – 앨버트 에드워즈, 소시에테 제네랄(Societe Generale)그가 지적한 바와 같이, 미국의 기업 이익은 GDP 대비 비율로 볼 때 매우 높은 수준에 있으며, 이는 역사적 기준을 크게 벗어난 상태이다.GDP 대비 기업 이익 비율그러나 이러한 수익성 급등은 직원들의 희생을 대가로 이루어졌다. 우리는 이 점을 “기술이 세상을 더 나아지게 하는가?”에서 논의한 바 있다.“독점적 행동은 경쟁을 억제하고, 혁신을 감소시키며, 소비자의 선택권을 제한한다. 더 나아가, 기업의 수익성은 노동력을 줄임으로써 급등했는데, 이는 모든 기업에서 가장 큰 비용 요소이다.”기업 이익/임금 비율""동물적 감각""의 상승은 특히 통화 및 재정 정책의 지원과 결합될 때 경제 성장의 외형을 만들어낼 수 있지만, 그 성장의 지속 가능성은 의문이다. 성장 전망을 앞당기는 것은 단기적으로는 효과적이지만, 미래 소비에서 발생하는 공백은 점점 커져간다. 따라서, 지속적인 대규모 재정 적자 증가 없이는 기업 수익성의 역전 위험이 상당히 클 수 있다.이 점은 야르데니의 장기 강세 전망에 내재된 위험으로 이어진다.전망에 대한 위험 요인결론적으로, 야르데니의 낙관적인 전망은 매력적이지만, 여러 가지 위험이 이 강세 전망을 무산시킬 수 있다. 첫째, 역사적 선례는 예기치 못한 경제적 하락세가 눈에 띄는 성장기조 속에서도 시장의 모멘텀을 뒤집을 수 있음을 보여준다. 언급된 바와 같이, 야르데니는 과거에도 강세 전망을 내놓았지만, 경제적 현실이 그 예측을 약화시킨 경우가 있었다. 특히 과도한 자신감이 투자자들로 하여금 근본적인 취약성을 간과하게 만든다면, 역사가 반복될 위험이 있다.또 다른 주요 위협은 시장의 과도한 열기를 유발하는 심리적 요인인 ""동물적 감각""의 지속 가능성에 있다. 투자자 신뢰 상승은 단기적인 시장 상승을 촉진할 수 있지만, 이는 주로 통화 및 재정 정책의 지속적인 지원에 의존한다. 이러한 정책의 장기적 효과는 논쟁의 여지가 있으며, 경제 성장이 상승하는 시장 가치와 일치하지 못할 경우, 안정성이라는 환상이 무너져 급격한 시장 조정을 초래할 수 있다.야르데니의 강세 전망은 대규모 세금 감면과 규제 완화에 대한 기대에도 의존한다. 그러나 이러한 재정 정책은 연방 부채와 적자 증가를 포함한 대가를 수반한다. 시간이 지나면서 이러한 불균형은 경제 성장을 약화시킬 수 있다. 특히 적자가 증가하면 경제 성장이나 정부의 재정 건전성에 대한 투자자 신뢰가 훼손될 위험이 크다.마지막으로 기업 수익성도 도전 과제를 안고 있다. 주로 재정 지출과 가격 인상에 의해 촉진된 높은 이익률은 지속 가능성이 낮을 수 있다. 공급망 제약이 완화되고 비용 압박이 감소함에 따라, 특히 노동 비용이 증가하거나 소비자 지출이 약화되면 기업은 마진을 유지하는 데 어려움을 겪을 수 있다. 전망은 여전히 긍정적이지만, 투자자들은 경계심을 유지해야 한다. 낙관론이 경제적 역풍과 시장 불안정성으로 빠르게 바뀔 수 있다는 점을 인지하는 것이 중요하다.투자자들이 취할 수 있는 5가지 전략야르데니의 강세 전망이 맞는다면 시장 이익을 극대화하기 위해 포트폴리오를 준비할 수 있는 다섯 가지 전략은 다음과 같다. 그러나 이 전략은 예기치 못한 경제적 하락이나 시장 변동성을 대비하는 데도 유용하다.자산군 전반에 걸쳐 분산 투자전략: 주식, 채권, 부동산, 대체 자산 등 다양한 자산군에 걸쳐 투자를 분산하여 특정 시장 하락에 대한 과도한 노출을 줄인다.실행:시장 상승 가능성을 포착할 수 있는 광범위한 시장 지수 펀드 또는 ETF에 기본 배분을 유지하면서, 위험 회피 환경에서 성과가 좋은 채권 및 실물 자산 부문으로 분산한다.균형 잡힌 주식 포트폴리오 유지전략:지속적인 시장 상승의 혜택을 받을 수 있는 성장 중심 주식과 안정성을 제공하는 방어주 및 배당주를 균형 있게 구성한다.실행: 대형 기술주 및 성장주에 포트폴리오 일부를 배분하면서, 유틸리티, 헬스케어, 필수 소비재와 같은 방어적인 섹터에도 투자하여 시장 조정 시 충격을 완화한다.채권 투자로 헤지 활용전략: 단기 및 장기 채권에 투자하여 금리 인하 가능성을 활용하는 동시에 주식 시장이 부진할 경우 안정성을 제공한다.실행:인플레이션과 금리 하락 기대와 함께 장기 국채는 가치를 증가시켜 헤지 역할을 할 수 있다. 단기 채권 및 현금 등가물은 유동성을 제공하며 변동성을 줄인다.대체 투자 노출 확대전략:금, 원자재, 부동산 투자 신탁(REIT)과 같은 대체 자산을 포함시켜 위험을 분산하고 인플레이션이나 시장 혼란에 대비한다.실행: 금과 원자재는 예상치 못한 인플레이션 상승 시 헤지 역할을 할 수 있으며, REIT는 수익을 제공하고 금리 하락의 혜택을 누릴 수 있다.현금 보유 및 유연성 유지전략:포트폴리오 일부를 현금 또는 현금 등가물로 보유하여 미래 시장 기회를 활용하고 하락 위험을 완화한다.실행:현금 보유는 시장 하락 시 빠르게 저가 매수하거나 상황 변화에 따라 고수익 투자로 재배치할 수 있는 기회를 제공한다. 유연성을 유지하면 경제 환경 변화에 빠르게 적응할 수 있다.우리를 포함해 누구도 앞으로 5개월 또는 5년 동안 시장이 어떻게 움직일지 알 수 없다. 역사는 가장 낙관적인 전망이 종종 경제적 현실에 의해 좌절된다는 것을 명확히 보여준다. 그러나 포트폴리오 내에서 일부 조치를 취함으로써 투자자들은 시장 상승 가능성에서 혜택을 얻는 동시에 예기치 못한 경제적 충격에 대비할 수 있다.해당 기사는 인베스팅닷컴에서 제공한 것이며 저작권은 제공 매체에 있습니다. 기사 내용 관련 문의는 해당 언론사에 하시기 바랍니다.※ 해당 기사 원문 보러가기"
한경,"홍콩 부동산, '트럼프 위기' 불구 반등 가능 [원자재 &ETF뉴스]",https://www.hankyung.com/article/2024112148495,"원자재 시황도 살펴보겠습니다. 현재 시간 5시 44분 지나가고 있고요, 5시 수치를 기준으로 하고 있습니다. 국제유가부터 확인해 보겠습니다. 미국의 주간 원유 재고가 전주 대비 475만 배럴 증가하며 예상을 상회했다는 집계에 유가는 오늘 약보합권에 머무르고 있습니다. 중단됐던 노르웨이 최대 유전, 요한 스베르드럽의 가동이 재개됐다는 점도 유가에는 하방압력으로 작용하는데요, 다만 러우 전쟁의 격화는 유가의 더 큰 낙폭을 상쇄해 주고 있습니다. WTI는 현자 68달러 후반대, 브렌트유는 73달러 초반대 나타내고 있고요, 미국 천연가스 선물은 추워지는 미국 전역의 날씨에 기인해 장중 7% 넘게 급등하기도 하며, 3달러 20센트도 넘겼고요, 5개월래 최고치로 기록됐습니다. 브라질의 충분한 강우량으로 인한 생산 호조가 관측되며 대두 선물이 0.7% 하락하고 있는 반면 밀 선물은 겨울 밀 감축이 예측되며 0.7% 상승 중이고요, 달러화 강세에 따른 부담으로 설탕 선물이 1%대 밀려나고 있습니다. 러시아와 우크라이나의 지정학적 리스크에, 안전자산인 금 선물이 오늘도 1% 가깝게 오름세 연출 중이고요, 3거래일째 상승입니다. 고점이긴 하지만 그래도 요 며칠간 보합권 유지 중인 달러인덱스에, 주요 금속 선물들은 혼조세 보이고 있습니다. 은과 팔라듐, 백금 선물은 1% 내외로 내려가는 반면, 구리 선물은 1% 약간 안 되게 올라가는 중입니다.암호화폐 시황도 살펴보겠습니다. 트럼프 트레이드에 이어 비트코인 현물 ETF 기반 옵션 상품의 첫 거래가 시행됐던 어제, 94,000달러를 찍고 일시 조정에 들어갔던 비트코인이, 오늘은 다시 한번 94,000달러를 뚫었습니다. 현재 94,400달러 선 터치하고 있고요, 1.7%대 상승하고 있습니다.주요 ETF 동향도 살펴보겠습니다. 3대지수 ETF 혼조세 나타내고 있고요, 섹터별로는 XLV 헬스케어 ETF가 1%대로 상승폭이 가장 크고, 반대로는 SOXX 반도체 ETF가 1.5% 정도로 낙폭이 가장 깊습니다.오늘은 ‘홍콩 경제’를 주제로 한 ETF 2가지 살펴보겠습니다. 부동산, 그리고 주식 시장 전망과 관련해 차례대로 체크해 보겠습니다.먼저, ‘페이서 데이터 및 인프라 부동산 ETF’, 티커명 SRVR입니다. 페이서에서 운용하고 있고요, ‘솔액티브 GPR 데이터 및 인프라 부동산 지수’, 즉 데이터와 인프라 부동산 부문에서 수익의 최소 85%를 창출하는 선진국 회사, 그러니까 데이터센터 리츠 기업에 추종하고 있습니다. 리츠 관련 상품으로도 분류되지만 데이터 센터와도 밀접한 연관을 갖기 때문에 AI 관련 ETF로도 많이 언급되고 있습니다. 국가별로는 미국이 83%로 가장 많고요, 스페인과 홍콩, 호주에도 어느 정도의 지분이 있습니다. 종목별로는 디지털 리얼티 트러스트가 17.5%로 가장 비중이 크고요, 에퀴닉스가 16%, 아메리칸 타워가 12.8%, 그리고 홍콩거래소에 상장된 차이나 타워가 5%로 포함돼 있습니다.미장에 상장된 부동산 ETF에는 이SRVR ETF 외에도 리츠 ETF 중 시가총액이 가장 크고, 지분형, 모기지형, 하이브리드형 등 종류 불문하고 대형 리츠들을 모두 취급하는 ‘뱅가드 부동산 ETF’, 티커명 VNQ도 있고요, 모기지형과 하이브리드형을 제외하고 지분형 리츠만을 추적하는 ‘슈왑 미국 리츠 ETF’, 티커명 SCHH도 있습니다. 또, 시멘트, 페인트, 인테리어, 그리고 건축과 건설 관련 기업 100개를 따르는 ‘호야 캐피탈 하우징 ETF’, 티커명 HOMZ도 있습니다. 이 SRVR ETF를 제외한 나머지 3개 ETF는 거의 대부분 미국 종목들만을 따릅니다.사우스차이나모닝포스트는 이날, 홍콩 부동산 시장이 ‘트럼프발 위기’를 맞이했지만 이를 극복하고 반등할 것이라며, 6가지 이유를 제시했습니다.첫번째로는, 홍콩의 중앙은행인 홍콩 통화관리국이, 지연될 지도 모르는 연준의 금리인하와 관계없이, 통화완화에 적극적인 행보를 보이고 있다는 겁니다. 이에 대한 기대로 홍콩달러화의 강세가 일부 제한됐으며, 주택담보대출금리의 둔화도 전망됨에 따라 향후 주택 시장의 회복에 도움이 된다는 분석입니다.두번째로는, 중국 정부의 경기부양책에 대한 낙관론입니다. 뱅크 오브 아메리카는, 중국의 부양책이 긍정적으로 작용하기만 한다면, 중국 뿐 아니라 홍콩, 그리고 아시아 전체의 부동산, 그리고 더 나아가 서비스 분야의 광범위한 호황으로 이어질 수 있다고 했습니다. 다만, 이 부분은 그 효과가 아직 가시화되지 않아 불확실성이 잔존하고 있으며, 트럼프 재집권 이후 나타날 우려 역시 높은 비율로 소거되지 않았다고 지적했습니다.세번째는, 사실 트럼프노믹스에 대한 공포감을 너무 깊게 가져갈 필요는 없다는 점입니다. 홍콩 부동산 업계는 2018년 미중 무역분쟁 이후 어느 정도의 충격에 익숙해졌으며, 이미 지난 6년간 이에 따른 적절한 대응책들이 시장에는 마련돼 있다고, 매체는 강조했습니다.네번째는, 홍콩 부동산 산업의 악재가 심화될수록, 정부의 정책도 더욱 강력해질 것이라고 했습니다. 홍콩 당국은 이미 냉각 조치의 폐지, 주택 규제 해제 등을 시행하고 있고, 이에 따라 홍콩 부동산 시장은 낮은 연체율과 투기 거품 부재 등 탄탄한 펀더멘털을 갖추고 있다고 봤습니다.다섯번째는, 홍콩 부동산 부문의 근본적인 문제는 미국과 무관하게 수급 불균형에서 비롯됐다고 했습니다. 사우스차이나모닝포스트는 홍콩 주택 침체는 사실 공급 과잉 때문이라며, 내수적인 문제는 외부적 요인에 기인한 것보다 빠르게 해결할 수 있을 것이라고 전했습니다. 또, 현지 전문가들은 홍콩의 현재 주택 문제는 지난 1997년에서 2003년의 주택 불황에 비하면 훨씬 나은 수준인 것으로 보고 있고요, 최근 몇 년 전보다도 훨씬 더 개선됐다며, 점진적인 발전을 내다봤습니다.마지막으로는 트럼프 2기를 마냥 부정적으로만 볼 필요는 없다는 점에 초점을 맞췄습니다. 확률이 높진 않지만, 미국과 중국의 분쟁이 중단되고 양국이 협상에 착안하는 방안으로 추진이 되는 경우도 충분히 고려해야 한다고 했습니다.다음은 ‘아이셰어즈 MSCI 홍콩 ETF’, 티커명 EWH입니다. 아이셰어즈에서 운용하고 있고요, MSCI 홍콩 지수, 그러니까 홍콩 대형주들과 흐름을 같이 하는 ETF입니다. 홍콩 주식 시장에 대한 전망은 엇갈립니다. 골드만삭스는 중국의 부양책의 효과를 홍콩 기업들이 직접적으로 받지는 못할 가능성이 크다며, 홍콩 주식에 대한 투자의견을 비중 축소로 하향했습니다. 아직까지는 부동산이 압박을 받고 있고, 트럼프의 관세 공약과 미중 대립 등은 여전히 불안정한 부분으로 남아있다고 봤습니다. 반면, 사우디 등 중동 기업들은 홍콩 증시가 어려움에 직면한 건 맞지만, 충분한 회복력을 가진 시장이라며, 홍콩 시장에 이른바 ‘러브콜’을 보내고 있습니다. 실제로 중동 기업 약 100여개가 홍콩 상장을 준비 중인데요, 이들은 최근 홍콩이 핀테크와 디지털 자산 등 신사업을 빠르게 유치하고 위안화 금융 중심지로의 입지를 키우는 등, 금융 혁신 경쟁력을 강화하고 있는 점을 낙관적으로 평가하는 것으로 알려졌습니다.최보화 외신캐스터최보화외신캐스터 from.treasure@wowtv.co.kr"
한경,"[대가들의 포트폴리오] 엘리엇, 美증시 하락에 베팅…전력·반도체株 새로 사들여",https://www.hankyung.com/article/202411188761i,"폴 싱어 엘리엇매니지먼트 회장. (사진=로이터)엘리엇매니지먼트가 미국 증시 하락에 베팅하며 공격적인 포트폴리오 재편에 나섰다. 올해 3분기 S&P500지수를 추종하는 상장지수펀드(ETF) 풋옵션을 대규모로 매수해 포트폴리오 1위 종목으로 올렸다. 사우스웨스트항공 지분을 대폭 확대하며 이사회 개편에도 영향력을 행사했다. 정유주는 대거 매도하거나 하락에 베팅했고, 신규로 전력·천연가스 ETF와 반도체 설계기업 ARM홀딩스를 편입해 종목 다각화도 시도했다.S&P500 하락에 베팅…기존 풋옵션은 청산엘리엇이 최근 미국 증권거래위원회(SEC)에 제출한 올해 3분기 주식 보유 현황 공시(13F)에 따르면, 엘리엇은 해당 분기 S&P500지수 하락에 베팅했다. 3분기 동안 S&P500지수를 추종하는 'SPDR S&P500 ETF 트러스트(SPY)' 풋옵션을 약 41억3000만달러(약 5조7654억원)어치 매수하며 이번 분기 가장 많은 금액을 투자했다. 풋옵션은 주식을 정해진 가격에 향후 팔 수 있는 권리로, 이를 매수한 것은 주가 하락을 예상하는 전략이다. 미국 증시가 과열되었다고 판단하고, 이에 대비한 것으로 보인다. SPY는 3분기 엘리엇 포트폴리오에 새로 편입되자마자 즉시 21.4%의 비중을 차지하며 1위 종목으로 올라섰다.반면 S&P500에 편입된 기업을 동일 비중으로 투자하는 '인베스코 S&P 동일비중 ETF'(RSP) 풋옵션과 기술주 중심의 나스닥 지수를 추종하는 '인베스코 QQQ 트러스트 ETF'(QQQ) 풋옵션은 대거 청산했다. QQQ는 엘리엇이 2분기 동안 가장 많이 투자한 종목으로, 당시 1위를 차지했으나 이번에는 청산하면서 보유 비중이 18위까지 떨어졌다. 전체 포트폴리오에서 2.22%를 차지하던 '아이셰어즈 바이오테크놀로지 ETF'(IBB) 풋옵션도 모두 청산했다. 금 채굴 기업 ETF인 '반에크 골드 마이너스'(GDX) 풋옵션은 1890만달러(약 264억원)어치가 청산됐다엘리엇이 두 번째로 많이 매수한 종목은 사우스웨스트항공이다. 엘리엇은 3분기 동안 사우스웨스트항공 주식을 16억3000만달러(약 2769억원)어치 매수했다. 이로써 사우스웨스트항공의 보유 비중은 9.36%로 증가했다. 이는 2분기 보유 비중 0.99%에 비해 큰 폭으로 확대된 수치다. 당시 21위였던 사우스웨스트항공은 현재 포트폴리오에서 5위로 올라섰다. 지난달 24일 사우스웨스트항공은 엘리엇과 수개월 간의 갈등을 끝내고 이사회 개편에 합의했다. 사우스웨스트는 게리 켈리 회장과 현 이사회 멤버 6명이 지난 1일 자로 퇴임하고, 엘리엇이 지지하는 후보 5명과 전직 셰브론 임원 1명이 이사회에 합류했다고 발표했다.정유株 매도…전력·반도체株에 투자정유주는 대부분 매도하거나 하락에 베팅했다. '에너지 셀렉트 섹터'(XLE) 풋옵션에는 7100만달러(약 992억원)를 투자하며 이번 분기 세 번째로 큰 금액을 쏟았다. 미국 정유업체 마라톤페트롤리엄 주식은 약 14억2000만달러(약 1조9851억원)를 매도하며 두 번째로 많은 금액을 정리했다. 이에 따라 전체 포트폴리오에서 차지했던 보유 비중 7.37%가 모두 청산됐다. 지난 2분기 당시 보유 비중은 12.96%에 달했다. 노르웨이 유전개발업체 시드릴 보유 비중도 네 분기 연속 축소됐다. 시드릴은 지난해 3분기 포트폴리오에서 2.45%를 차지했지만, 이번 분기에는 0.76%로 감소했다.엘리엇은 전력·천연가스 등 인프라 업종 ETF인 '유틸리티 셀렉트 섹터'(XLU)에 1180만달러(약 165억원)를 투자하며 새롭게 편입, 포트폴리오 내 25위에 올렸다. 영국 반도체 설계기업 ARM홀딩스 주식도 1140만달러(약 159억원)를 매수하며 포트폴리오에 새롭게 편입해 27위에 이름을 올렸다. 각각 네 번째와 다섯 번째로 큰 금액을 투자했다. 세계 최대 데이팅 앱 '틴더'를 운영하는 매치그룹과 세계 최대 수공예 전자상거래 업체 엣시의 보유 비중도 확대했다.임다연 기자 allopen@hankyung.com"
한경,월가 최악 카드는 피했다…재무장관 지명에 촉각 [글로벌마켓 A/S],https://www.hankyung.com/article/2024112024925,"미국 뉴욕증시가 러시아와 우크라이나 사이의 전쟁 격화 우려를 덜어내고 반등을 이어갔다. 하루 뒤 3분기 실적을 공개할 예정인 엔비디아가 4% 급등해 지수 전체 반등을 주도했다. 도널드 트럼프 대통령 당선인이 차기 상무장관에 하워드 러트닉 캔터 피츠제럴드 최고경영자를 지명하면서 시장의 우려를 덜어냈다.현지시간 19일 뉴욕증권거래소에서 S&P(스탠더드앤드푸어스)500 지수는 전 거래일보다 23.36포인트, 0.4% 오른 5,916.98포인트를 기록했다. 나스닥은 엔비디아와 애플, 알파벳 등 기술주 반등으로 전날보다 195.66포인트, 1.04% 상승한 1만 8,987.47로 1만 9천선에 다시 근접했다. 다우존스 산업평균지수는 월마트의 깜짝 실적에도 헬스케어, 보험 섹터 약세로 인해 120.66포인트, 0.28% 밀린 4만 3,268.94에 장을 마감했다.● 러-우 전쟁보다 트럼프…차기 재무장관 지명에 촉각이날 오전까지 위험 자산에 부담 요인으로 작용하던 러시아와 우크라이나간 지정학 위기는 오래 가지 못했다. 뉴욕상업거래소(NYMEX)에서 국제 금 12월물 가격은 트로이온스당 0.81% 오른 2,635.70달러로 올라섰다. 하락하던 일본 엔화는 달러대비 0.02% 소폭 반등해 1달러당 154.62엔을 기록했다.우크라이나는 지난 17일 미국 육군전술미사일시스템(ATACMS, 에이태큼스)를 이용한 조 바이든 미 대통령의 발사 허용 하루 만에 러시아에 대한 공습을 단행했다. 우크라이나는 국경에서 115km 떨어진 러시아 브랸스크 지역의 카라체프 마을 근처의 대규모 무기고를 표적으로 이번 공습을 단행한 것으로 전해졌다. 이에 대해 러시아 국방부는 모두 6기의 미사일 가운데 5기는 격추하고, 나머지 1기는 일부 파손됐지만 사상자는 발생하지 않았다고 주장했다. 러시아 타스 통신에 따르면 세르게이 라브로프 러 국방부장관은 “미국이 없다면 첨단 미사일 발사는 불가능했을 것”이라며 서방의 개입에 공개적인 거부감을 드러냈다.러시아는 또한 이번 공습 이후 기존 핵무기 사용 조건을 대폭 완화하는 발표로 안전자산 가격을 밀어올렸다. 드리트리 페스코프, 러시아 대통령 대변인은 “명시된 것처럼 재래식 무기로 러시아 주권과 영토에 중대한 위협얼 하는 경우 핵무기를 사용하도록 했다”면서 “핵 보유국의 참전 또는 핵 보유국의 지원을 받은 나라가 러시아를 공습시 공동 공격으로 간주한다고 명시되어 있다”고 강조했다. 미국과 우크라이나를 명시하지 않았지만 사안의 위험성이 커지면서 금융시장도 오전 약세로 출발했다.차기 미 상무장관으로 지명된 하워드 루트닉(62세) 캔터 피츠제럴드 최고경영자이러한 시장 분위기는 오후들어 트럼프 내각의 윤곽이 추가로 드러난 뒤 상승세로 크게 돌아섰다. 트럼프 행정부 차기 내각 가운데 재무장관 후보로 거론 되어 온 하워드 루트닉 캔터 피츠제럴드 최고경영자가 이날 상무부 장관으로 정식 지명을 받았다. 트럼프 당선인은 소셜미디어 트루스 소셜을 통해 “인수위원회 공동의장으로 미국 역사상 가장 효율적이고 정교한 시스템을 구축했다”고 추켜세웠다.당초 트럼프 대통령은 하워드 루트닉을 재무장관으로 고려했으나, 월가 헤지펀드 매니저 출신인 스콧 베센트를 지지하는 내부 갈등으로 인해 인선 결과가 뒤집혔다. 일론 머스크 테슬라 최고경영자는 이번 인선에 앞서 루트닉에 대해 “실제로 변화를 일으킬 인물”이라며 베센트는 “평범한 선택”이라고 공개적으로 루트닉을 지지해왔다.이번 주 시장 영향력이 큰 지표 발표가 없는 가운데 월가는 트럼프의 차기 재무장관에 촉각을 세우고 있다. 블룸버그 등에 따르면 현재 유력한 인물로 케빈 월시(Kevin Warsh) 전 연준(Fed) 최연소 이사가 거론되고 있다. 당초 스콧 베센트 키스퀘어 창업자가 하마평에 올랐으나 역시 미정인 백악관 국가경제위원회(NEC) 지명이 유력한 것으로 전해지고 있다. 다만 케빈 월시 전 이사는 연준의 독립성을 옹호하고, 보호무역주의에 대해 강한 거부감을 표명해온 인사로 트럼프 당선인이 공약으로 내세운 관세 부과 등에서 이견이 일어날 우려가 있다. 이 때문에 르네상스매크로 리서치의 닐 두다 책임은 “연준을 떠나기전 양적완화에 반대해온 강력한 매파”라며 의문을 표했다. 다만 연준의 움직임을 이해한 인물의 재무장관 지명시 향후 두 기관의 정책적인 보조를 기대할 수 있다는 전망도 나오고 있다. 이러한 전망에 따라 이날 국채금리는 10년물 기준 전날보다 2.4bp 내린 4.39%로 진정세를 보였다.이날 경제 지표는 10월 주택착공 건수가 연율 131만 1천 건으로 시장 예상치 134만 건보다 낮았고, 주택 허가건수도 141만 6천 건으로 예상보다 약 3만 건 가량 적었다. 주택시장이 바닥을 다지고 있는 가운데, 연준의 기준금리 인하 이후의 시장 회복을 기다리는 수요가 시장에 반영되고 있다. 주택 시장이 더딘 회복을 보이면서 지난 분기 어닝 쇼크를 기록한 주택용품 유통 2위 업체 로우스는 이날 4.6% 급락했다.● 증시 운명 달려있는 엔비디아 실적 D-1..월가는 ""블랙웰 문제 없다""미국 증시에서 가장 영향력이 큰 종목인 엔비디아가 하루 뒤인 현지시간 20일 장 마감 이후 2025 회계연도 3분기 실적을 공개한다. 올해 8월부터 10월까지 실적에 대해 월가는 대체로 긍정적인 평가를 유지하고 있다. 지난 주말 디 인포메이션지의 단독 보도로 알려진 엔비디아 블랙웰 가속기 72기를 장착한 NVL72 서버 과열 우려에도 주요 하이퍼스케일러를 비롯한 고객에 대한 납품 일정에 문제가 없다는 평가가 나온다. 엔비디아 목표가 190달러로 월가에서 두 번째고 높은 가격을 제시한 뱅크오브아메리카의 왐시 모한 애널리스트는 “블랙웰 우려에도 수요 모멘텀에는 영향을 주지 않을 것”이라고 밝혔다. 다만 그는 “2026회계연도(내년 2월~2026년1월) 주당순이익을 5달러 이상으로 유지하려면 매출총이익률을 73~74% 수준으로 유지해야 한다”고 전망했따.에버코어ISI는 클라우드 서비스 수요와 하이퍼스케일러의 자본지출이 이어지는 점을 감안해 시장수익률 상회 의견을 유지했고, 모건스탠리 역시 단기적인 가이던스 상향이 예상된다며 비중확대와 목표가 160달러를 제시했다. 스티펠과 제프리스, 오펜하이머 등도 주당 180달러 안팎의 목표가를 냈다. 이번 3분기 호퍼 아키텍처와 블랙웰 기반 수요가 교차하는 전환기를 지나면 AI 가속기 시장의 점유율을 바탕으로 가이던스 상향이 가능하다는 평가가 주를 이뤘다.기술주를 제외하고 이날 미 기업 가운데 지수 영향력이 가장 컸던 종목은 월마트다. 로버트 케네디 주니어 보건부 장관 지명 이후 헬스케어, 보험 관련 섹터가 약세를 이어간 가운데 다우지수를 지지했다. 월마트는 소비 둔화, 인플레이션 등 올해 내내 불거진 각종 우려를 딛고 상품 부문 매출의 성장세를 이어갔다. 월마트가 공개한 3분기 매출액은 전년대비 5.5% 증가한 1,696억 달러로 시장 예상을 웃돌았고, 일회성 요인을 뺀 조정 주당순익은 58센트로 예상치 53센트를 상회했다. 유통 기업의 주요 경영지표인 동일매장 매출은 전년대비 5.3% 성장해 예상치 3.8%를 웃돌았다.북미 기반이지만 월마트의 인터내셔널 부문은 중국을 포함한 시장에서 8% 성장하고, 전체 전자상거래 매출액이 전년대비 22% 고성장하는 등 주요 부문이 견고한 성적을 거뒀다. 월마트는 이를 반영해 이번 연도 연간 순매출 성장 예상치를 기존 3.75~4.75%에서 4.8~5.1%로 대폭 상향했다. 존 데이비드 레이니 최고재무책임은 “식료품을 제외한 일반 상품 판매가 두 분기 연속 성장했다”고 실적 증가 배경을 밝혔다. 미국 소비자들은 인플레이션을 의식해 가성비 소비를 하면서도 이번 홀리데이 시즌에 소비를 늘리고 있는 것으로 나타났다. 또한 월마트플러스를 통한 구독 프로그램을 이용하는 소비자들은 추가 비용 지불에도 3시간 거리 배송 서비스 이용을 늘리는 등 이커머스 부문 거래가 크게 늘어난 것으로 나타났다. 이러한 실적과 전망치 발표로 인해 월마트는 하루 3% 강세로 마감했다.아크 이노베이션 ETF의 연도별 성과 추이 (출처:ARK INVEST)테슬라는 캐시 우드가 이끄는 아크 이노베이션 상장지수펀드(ARKK)의 일부 지분 처분 소식에도 2.14% 뛰었다. 앞서 아크 인베스트먼트는 전날 약 3만 939주의 테슬라 지분을 매도한 사실을 공개했다. 이번 처분에도 해당 ETF가 보유한 테슬라 지분은 약 15.33%에 달한다.대형 기술주를 제외한 종목 가운데 변동성이 가장 컸던 종목은 AI 서버 수요로 혜택을 봤던 슈퍼마이크로컴퓨터다.  슈퍼마이크로 컴퓨터는 상반기(10-K), 반기(10-Q) 보고서 미체출로 인한 회계 부정 의혹으로 급락했으나, 전날 저녁 나스닥 상장 요건을 가까스로 채워 주가 반등을 만들어냈다. 찰스 리앙 최고경영자는 언스트앤영(EY)을 대신할 독립 감사인에 BDO를 지정했다고 밝혔다. 나스닥은 슈퍼마이크로컴퓨터가 제출한 상반기, 분기 재무제표를 포함한 보고서 작성에 대해 최대 5주간 심사를 거쳐 상장 여부를 결정할 예정이다. 지난 주까지 고점 대비 70% 넘게 하락했던 주가는 이번 발표로 하루 30% 폭등하는 등 불안정한 흐름을 이어갔다. 미국 세무 회계 프로그램 제공업체인 인튜이트가 트럼프 정부의 무료 세무 신고앱 제공 계획이 알려진 뒤 5% 가량 내렸고, AI에 기반한 에너지 수요 증가 기대로 GE버노바와 비스트로 에너지가 각각 4.5%, 5.6% 강세를 기록했다.김종학기자 jhkim@wowtv.co.kr"
한경,"월가 IB, 中 경기부양책 실망감 피력 [원자재 &ETF뉴스]",https://www.hankyung.com/article/2024112023655,"(방송 원문입니다.)원자재 시황도 살펴보겠습니다. 현재 시간 5시 44분 지나가고 있고요, 5시 수치를 기준으로 하고 있습니다. 국제유가부터 보겠습니다. 러우 전쟁 격화와 노르웨이 최대 유전인 요한 스베르드럽의 생산 중단으로 전일 3% 넘게 급등했던 국제유가는, 우크라이나가 러시아를 미사일 포격했다는 보도와 함께 요한 스베르드럽의 가동 재개 소식까지 전해지며, 원유 시장은 안정세를 되찾았습니다. 국제유가는 0.3%대 상승에 머물고 있습니다. WTI는 69달러 중반대, 브렌트유는 73달러 중반대 나타내고 있고요, 미국 천연가스 선물도 강보합권 유지 중입니다. 대두 선물이 1% 하락, 밀 선물이 0.3% 상승 중인 가운데 가나와 코트디부아르의 건조한 기후로 코코아 선물이 3%대 오름세 연출하며 4개월래 최고치 기록 중입니다. 106선 극초입까지 밀려난 달러인덱스에 주요 금속 선물들도 일제히 상승불 켜고 있습니다. 금 선물이 0.7% 상승, 은과 백금, 니켈 선물이 0.5% 내외, 구리 선물도 1% 약간 안 되게 상방압력 받고 있고요, 팔라듐 선물도 2% 후반대 뛰고 있습니다.암호화폐 시황도 살펴보겠습니다. 비트코인이 6거래일 만에 역대 최고치를 다시 한번 재경신했습니다. 장중 94,000달러를 돌파했고요, 현재는 92,700달러 선 터치 중입니다.주요 ETF 동향도 살펴보겠습니다. 3대 지수 ETF 혼조세 나타내고 있고요, 섹터별로는 XLK 기술주 ETF가 0.7%로 상승폭이 가장 크고, 반대로는 XLE 에너지 ETF가 0.8%로 낙폭이 가장 깊습니다.오늘은 ‘중국 증시’를 주제로 한 ETF 2가지 살펴보겠습니다. 부양책에 따른 전반적인 경제 변화, 그리고 원자재 쪽에서는 구리 관련해 차례대로 체크해 보겠습니다. 먼저, ‘아이셰어즈 중국 대형주ETF’, 티커명 FXI입니다. 아이셰어즈에서 운용하고 있고요, 중국 대형주들을 추종하고 있습니다. 미국 시장에서 투자가 가능한 중국 ETF들에는 어떤 것들이 있을까요? 이 FXI ETF와 동일하게 대형주 위주로 투자하는 ‘MSCI 아이셰어즈 중국 ETF’, 티커명 MCHI가 있고요, 소비재 기업 중 중대형주들의 흐름을 추적하는 ‘글로벌X 중국 소비재 ETF’, 티커명 CHIQ, 전기차, 배터리, 태양광, 풍력 등을 아우르는 친환경 테마 전반을 따르는 ‘MSCI 크레인셰어즈 중국 친환경 ETF’, 티커명 KGRN이 있습니다. 또, 비슷한 성향의 ETF로 두개씩 묶이는 ETF들도 인기가 많습니다. 티커명 KWEB인 ‘크레인셰어즈 중국 인터넷 ETF’는 중국의 인터넷 기술주들을 주로 취급하는데요, ‘디렉시온 데일리 CSI 중국 인터넷 2배 ETF’, 티커명 CWEB는 이 KWEB ETF와 거의 비슷하게 중국 IT주들을 다루지만, 2배 레버리지 상품입니다. 티커명이 우리말로 각각 음과 양을 뜻하는 ‘디렉시온 데일리 FTSE 중국 3배 ETF’, 티커명 YINN과 ‘디렉시온 데일리 FTSE 중국 인버스 3배 ETF’, 티커명 YANG입니다. 두 ETF 모두 동일하게 추종자산이 ‘FTSE 중국 50 지수’인데요, 중국의 시가총액 상위 50개들 기업들 주가, 즉 중국 증시의 상승과 하락 여부에 따라 움직인다는 뜻입니다. 차이점이 있다면 중국 증시가 1% 오를 때, 이 YINN ETF는 3%의 수익을 내지만 YANG ETF는 3%의 손실을 봅니다. 둘 다 3배 레버리지 상품으로 변동성이 매우 크고, 운용 보수도 1%대로 아주 비싼 편이기 때문에 리스크가 굉장히 높습니다. 한동안 부진했던 중국 시장이 당국의 대규모 경기부양책에 힘입어 빠르게 반등 중입니다. 다만, 정부가 제시한 ‘5% 경제 성장’ 목표를 이룰 수 있을지에 대한 의구심은 여전히 잔존하고요, 또, 부양책에 대한 실망감도 적지 않은 가운데, 중국 경제에 대한 중장기적 전망은 여전히 불투명합니다. 골드만삭스와 모간스탠리도 중국 정부의 부양책에 대한 회의감을 표하며, 중국 경제 둔화를 예측했고요, 이에 따라 중국 주식에 대한 목표치도 하향 조정했습니다. 골드만삭스는 현재 64 부근에서 움직이고 있는 MSCI 중국 지수의 2025년 말 목표치를 기존의 84에서 75까지 낮췄는데요, 트럼프 당선인의 고관세 등으로 인해 중국 주요 기업들의 이익이 크게 줄어들 것이라고 부연했습니다. 모간스탠리의 경우, 같은 수치의 내년말 목표치를 63으로 더 낮게 제시했습니다. MSCI 중국 지수가 부양책 공개 이후 2년 만에 최고치까지 올랐지만, 이후 즉각 15% 정도 반락하며 부양책에 대한 회의감을 잘 보여줬다고 강조했습니다. 모간스탠리는, 중국 정부가 도덕적 해이와 복지국가로의 전환에 대한 우려로 인해, 부동산 시장의 활성화를 위해 대중들이 기대할 만한 ‘충분한 자금’을 투입할 확률은 적다고 일축했습니다. 골드만삭스 역시 트럼프 2기 아래, 관세 부담이 확대된 것도 추후 중국 경제에는 악재로 작용할 것이라고 전했습니다. 다만, 관세의 규모, 형태, 시행 시기, 그리고 이에 따른 중국의 정책 반응 등이 아직 명확하지 않아 분석이 어렵다며, 관세는 앞으로 몇 달간 전세계 시장의 흐름을 주도할 핵심 요인이 될 것이므로 투자자들은 관세 관련 동향을 면밀하게 모니터링해야 한다고 조언했습니다. 실제로 이 FXI ETF에서도 지난 한주간, 총 9억 8,400만 달러의 자금이 빠져나가며, 5주 연속 순유출로 기록됐고요, 전문가들은 이에 대해 투자자들이 관세와 부양책에 대한 부정적인 시각을 가지고 있어, 중국 증시에 대해 불안감을 느끼고 있다며, 중국의 매크로 환경이 우호적이지 않다고 진단했습니다.다음은 ‘글로벌X 구리 채굴 ETF’, 티커명 COPX입니다. 구리 채굴 기업들을 위주로 하는 ETF입니다. 대표적인 미장 구리 ETF는 크게 5가지 가지로 나뉩니다. 구리 채굴 기업들을 편입하는 COPX ETF와 ‘아이셰어즈 구리 및 광물 채굴 ETF’, 티커명 ICOP, 또 구리 업체들 중 중소형주들을 우선적으로 취하는 ‘스프랏 주니어 구리 채굴 ETF, 티커명 COPJ도 있고요, 구리 선물과 관련된 ‘미국 구리 ETF’, 티커명 CPER, ‘스프랏 구리 채굴 ETF’, 티커명COPP도 있습니다. 금융 시장에서 구리는 ‘닥터 코퍼’, 즉 세계 경기의 바로미터가 되어주는 ‘박사’ 역할을 한다는 별칭을 가지고 있습니다. 그만큼, 제조업과 산업 분야에서 구리는 필수적인 존재인데요, 특히 중국이 세계 최대 시장인 만큼, 중국 경기와 밀접한 연관을 갖습니다. 하지만 역시나 중국 부양책에 대한 부정론, 트럼프 당선인의 관세 공약, 그리고 최근 달러화 강세로 인해, 구리 선물 역시 하락세를 이어가고 있습니다. 오늘은 달러인덱스가 약세를 나타내며, 구리 선물이 톤당 9,120달러 대까지 회복했지만 지난 이틀간, 9,000달러 아래로 떨어졌고요, 지난 14일 기준, 8,768달러까지도 내려가며 64일 만에 최저치를 찍었고요, 추후 단기적으로는 재하락 가능성이 훨씬 높다고 합니다. 씨티그룹은 구리 선물이 향후 3개월 안에 톤당 8,500달러까지 밀려날 것이라고 했는데요, 다만, 분석가들은 중장기적으로는 긍정적인 부분도 없지는 않다고 덧붙였습니다. 중국 정부가 전기차에 대한 보조금을 늘리는 등 재생에너지 전환에 대한 각고의 노력을 다하고 있고, 또 광산 공급 제약 등으로 인해, 수급 불균형이 초래될 것이며, 이가 가시화될 경우, 2025년에는 구리 선물이 톤당 10,000달러, 2029년에는 15,000달러가 될 수도 있다고 했습니다.최보화 외신캐스터최보화외신캐스터 from.treasure@wowtv.co.kr"
한경,'러-우크라 전쟁 격화' 美증시 혼조…비트코인 최고가 경신 [모닝브리핑],https://www.hankyung.com/article/2024112022557,"◆ 지정학적 긴장 높아지자 뉴욕증시 혼조세 마감우크라이나가 러시아에 장거리 미사일을 발사하고, 러시아가 핵무기 사용 가능성을 언급하는 등 지정학적 긴장이 고조되면서 뉴욕증시는 혼조세를 보였습니다. 현지시간 19일 다우존스 지수는 전장보다 0.28% 하락해 4만3268.94를 기록한 반면 S&P500 지수는 0.4% 오른 5916.98, 나스닥 지수도 1.04% 상승한 1만8987.47로 장을 마쳤습니다. 장 초반 우크라이나가 러시아에 에이태큼스 미사일을 발사했다는 소식에 주요 지수가 일제히 하락 출발했으나 오후 들어 낙폭을 만회했습니다.◆ 실적 발표 앞둔 엔비디아 주가 급등…시총 1위 탈환실적 발표를 하루 앞둔 엔비디아는 호실적 기대감에 주가가 5% 가까이 급등, 시가총액 1위를 탈환했습니다. 현지시간 19일 엔비디아는 전장보다 4.7% 오른 147.01달러를 기록해 시총도 3조6480억달러로 전날 애플에 내줬던 시총 1위를 하루 만에 되찾았습니다. 엔비디아의 최신 AI(인공지능) 전용칩 ‘블랙웰’이 서버 과열을 야기한다는 언론 보도가 나왔지만 이 칩에 대한 시장 수요가 높은 것으로 전망되면서 곧바로 반등한 겁니다. 엔비디아는 오는 20일 장 마감 직후 실적을 발표하는데 투자사들의 목표가 상향이 잇따르고 있습니다.◆ 비트코인 '사상 최고가'…""현물 ETF 옵션 거래 개시""도널드 트럼프 전 미국 대통령 당선 이후 고공행진 중인 비트코인이 6일 만에 다시 사상 최고치를 갈아치웠습니다. 현지시간 19일 미 가상자산(암호화폐) 거래소 코인베이스에 따르면 비트코인은 오후 한때 전날보다 2% 이상 뛴 9만3725달러에 거래돼 9만4000달러선을 넘보고 있습니다. 러시아와 우크라이나의 지정학적 긴장 고조로 인해 비트코인이 금과 유사한 ‘장기 헤지(분산) 수단’으로 여겨지기 때문으로 분석됩니다. 또한 이날부터 뉴욕증시에 상장된 비트코인 현물 ETF(상장지수펀드) 기반 옵션 상품이 첫 거래를 시작해 암호화폐 특유의 변동성 완화에 도움을 줄 것이란 기대감도 나옵니다.◆ 트럼프, 상무장관에 하워드 러트닉 지명트럼프 당선인은 내년 1월 출범하는 2기 행정부 상무장관으로 투자은행 캔터 피츠제럴드의 하워드 러트닉 CEO를 공식 지명했습니다. 트럼프 당선인은 현지시간 19일 이를 발표하면서 “관세 및 무역 의제를 이끌 인물”이라고 강조했습니다. ‘샐러리맨 신화’의 입지전적 인물인 러트닉 지명자는 암호화폐에 친화적인 억만장자 금융 자산가로 알려져 있습니다. ‘대(對)중국 강경파’로 분류되는 만큼 트럼프 당선인이 공약한 중국에 대한 고율 관세 전략 수립 및 집행을 주도할 것으로 예상됩니다.◆ 전국 흐리고 낮 최고기온 9~15도수요일인 오늘(20일)은 전국이 대체로 흐린 가운데 강원 영동 지역은 대체로 맑겠고 제주도는 오후까지 가끔 비가 내리는 곳이 있겠습니다. 예상 강수량은 제주도 5~20㎜, 인천·경기 서해안·경기 남부 내륙·서해 5도 5㎜ 내외입니다. 낮 최고기온은 9~15도, 미세먼지 농도는 전 권역이 ‘좋음’ 또는 ‘보통’ 수준으로 예보됐습니다. 단 인천과 경기 남부는 밤에 일시적으로 미세먼지 ‘나쁨’ 수준일 것으로 예상됩니다.김봉구 한경닷컴 기자 kbk9@hankyung.com"
한경,"아크 이노베이션ETF(ARKK), 트럼프 당선 이후 11% 상승 [원자재&ETF뉴스]",https://www.hankyung.com/article/2024111998855,"(방송 원문입니다.)원자재 시황도 살펴보겠습니다. 현재 시간 5시 45분 지나가고 있고요, 5시 수치를 기준으로 하고 있습니다. 국제유가부터 살펴보겠습니다. 러우 전쟁의 격화와 노르웨이의 대형 유전인 요한 스베르드럽이 생산 중단이 겹치며 원유 공급난 이슈가 부각됐습니다. 유가는 현재 3% 넘게 급등하고 있습니다. WTI는 69달러 초반대, 브렌트유는 73달러 초반대에서 거래되고 있고요, 추워지는 겨울철 날씨를 주시하며 미국 천연가스 선물도 5% 가깝게 오르고 있습니다. 달러인덱스의 하락으로 인해 대두와 밀 선물이 1%대 상승 중인데요, 다만 브라질의 대두 생산 호조가 점쳐지기도 했고요, 트럼프 당선인의 관세 공약으로 인해 미국산 대두 수요가 축소되며 대두 선물은 추후 하락이 전망됩니다. 코코아 선물은 유럽연합 EU의 삼림벌채법 시행 연기에 대한 시장의 우려가 줄어들며 2%대 하락하고 있습니다. 최근 달러화 강세로 인해 8주래 최저치까지 밀렸떤 금 선물이 오늘은 상승 전환됐습니다. 현재 온스당 2,610달러 선 넘어가고 있고요, 골드만삭스 역시 내년 금 가격에 대해 3,000달러 론을 유지한다고 긍정적인 평가를 내놨습니다. 106선 초반까지 후퇴한 달러인덱스에 은과 백금 선물도 2%대, 구리와 니켈 선물도 1%대 상승불 켜고 있고요, 미국의 러시아산 팔라듐 제재의 구체화에 대한 우려가 본격화되며 팔라듐 선물이 이날 7% 넘게 뛰고 있습니다.암호화폐 시황도 살펴보겠습니다. 2% 정도 상승불 켜고 있고요, 마이크로스트래티지가 비트코인을 5만개 이상 추가매수했다는 소식도 조금 전 전해졌습니다. 비트코인, 현재 91,000달러 선 터치하고 있습니다.주요 ETF 동향도 살펴보겠습니다. 3대 지수 ETF 혼조세 보이고 있고요, 섹터별로는 SOXX 반도체 ETF가 1.3%, XLC 커뮤니케이션 ETF가 1.08% 정도로 상승폭이 가장 큰 것으로 보여지고 있습니다.오늘은 ‘아크 인베스트먼트’를 주제로 한 ETF 2가지 살펴보겠습니다. 비트코인, 그리고 캐시 우드의 새로운 전략과 관련된 소식, 차례대로 체크해 보겠습니다. 먼저, ‘아크 21셰어즈 비트코인 ETF’, 티커명 ARKB입니다. 아크 인베스트먼트에서 운용하는 비트코인 현물 ETF입니다. 캐시 우드는 비트코인이 2030년까지 약 600% 정도의 상승을 보여줄 것이라고 주장했습니다. 즉, 적어도 65만 달러, 많으면 100만에서 150만 달러까지도 예측이 된다는 건데요, 일단 연말 내에는 10만 달러 돌파가 가시권에 들어올 것이라고 부연했습니다. 일단, 트럼프 2기 아래, 암호화폐에 대한 다양한 규제들이 완화될 것이라고 우호적인 투자 환경이 조성될 것임을 가장 강력한 이유로 들었습니다. 바이든 정권 내에서의 불합리했던 조치들이 해제되고 미국 증권거래위원회 SEC의 현 위원장인 게리 겐슬러의 퇴임 등을 통해 기관 투자자들의 유입을 촉진할 만한 기반이 마련될 것으로 기대된다고 했습니다. 또, 비트코인이 신규자산으로 인정을 받는 분위기임도 강조했는데요, 전통 금융업계에서도 암호화폐를 하나의 자산으로 인정하고 포트폴리오에 추가하려는 움직임이 확대되고 있다고 했습니다. 캐시 우드는 비트코인이 반감기에 대한 호재도 잠재적으로 가지고 있다고 상기시켰는데요, 앞으로 다가올 반감기와 맞물리는 시기에 다시 한 번 강력한 ‘점프업’을 할 것이라고 진단했습니다. 현재 미장에 상장돼 있는 비트코인 현물 ETF는 크게 12가지로 나뉩니다. 그레이스케일의 ‘그레이스케일 비트코인 트러스트 ETF’, 티커명 GBTC, ‘아이셰어즈 비트코인 트러스트 ETF’, 티커명 IBIT, ‘피델리티 와이즈 오리진 비트코인 펀드’, 티커명 FBTC, 그리고 이 ‘아크 21셰어즈 비트코인 ETF’, 티커명 ARKB가 시가총액 1위부터 4위까지 차지하고 있고요, 이외에도 비트와이즈, 반에크, 발키리, 인베스코와 갤럭시 디지털, 프랭클린 템플턴, 위즈덤트리, 해시덱스, 그리고 앞서 언급했던 GBTC ETF의 미니 버전 ETF인 BTC까지, 다양한 특징들을 가진 비트코인 현물 ETF들이 존재합니다. 각 ETF들의 장점을 간단하게 짚어볼까요? 일단 ARKB ETF의 장점이라고 한다면, 규모가 큰 비트코인 현물 ETF 중에서 수수료가 저렴한 편이죠? 또 첫 6개월은 수수료를 면제해 준다는 점도 이 ETF가 가진 저비용 구조 중 하나고요, 캐시 우드의 혁신적 장기 투자 전략이 반영돼 있습니다. GBTC ETF는 다른 비트코인 현물 ETF의 거의 4배가 넘는 높은 수수료에도 불구하고 기존의 비트코인 신탁에서 ETF로 전환된 상품인 만큼, 투자자들의 충성도가 가장 강한 ETF고요, IBIT ETF 같은 경우, 세계 최대 자산운용사의 안정성과 신뢰도를 제공하기 때문에 ETF 시장으로의 진입을 유도해 주고, 특히 장기 투자에 적합합니다. 수수료도 첫 12개월 간은 5억 달러까지 할인한다는 특이점도 있습니다. FBTC ETF도 첫 6개월 간은 수수료가 제로고요, 초기 진입 비용을 낮춰 신규 투자자들에게 매력적으로 작용한다는 분석입니다. BITB ETF 역시 첫 6개월은 수수료를 제해 주므로, 비용적인 장점이 있고요, HODL ETF는 비용 대비 효율성을 중시하는 이들에게 잘 맞겠습니다. 수수료가 저렴하고 보수적인 접근법을 취하기 때문에, 위험도가 크지 않습니다. BRRR ETF는 시장의 빠른 변동성에 유리하도록 설계됐습니다. 단기 투자에 유리하고요, BTCO ETF는 중기적 관점에서의 유연한 전략을 가지고 감과 동시에 금융과 암호화폐 분야의 전문성이 결합돼 있습니다. EZBC ETF와 BTCW ETF는 비교적 저렴한 수수료와 안정적인 방식을 취한다는 부분이, 그리고 DEFI ETF는 높은 수준의 보안을 제공한다는 점이 각각의 특징으로 꼽힙니다.다음은 ‘아크 이노베이션 ETF’, 티커명 ARKK입니다. 저평가 성장주를 추종합니다. ‘돈나무 언니’ 캐시 우드의 대표 펀드로, ‘파괴적 혁신’이라는 슬로건에 가장 걸맞는 ETF입니다. 캐시 우드의 가장 메인이 되는 펀드들을 간단하게 살펴보면, 일단 이 ARKK ETF가 있고요, 자율주행과 로봇주를 따르는 ARKQ ETF, 유전체 기업들을 담는 ARKG ETF, 그리고 차세대 인터넷 기업들에 포커싱을 한 ARKW ETF도 있습니다. 트럼프 당선 확정 이후부터 지금까지, 이 ARKK ETF의 수익률은 11%에 달하는 중인데요, 요즘 캐시 우드의 포트 구성은 어떻게 달라졌을까요? 일단, 오랫동안 테슬라 강세론을 유지해 왔던 캐시 우드는 얼마 전까지만 해도 IT 분야의 독창적인 인물인 머스크가 미국 정부의 효율성을 크게 개선시킬 것이라고 말하며, 테슬라의 상승을 지지한 바 있습니다. 하지만 차익실현을 위해 자신의 주력 펀드 내의 테슬라의 보유 비중은 줄이고 있는 것으로 드러났는데요, 10월 한달간 ARKK ETF와 ARKQ ETF, 그리고 ARKW ETF를 통해 테슬라 주식을 약 28만주 이상 매도하고, 11월 1일부터 7일까지 약 53만주를 추가매도한 것으로 알려졌습니다. 반대로 항공우주 기업, 아처 에비에이션에는 약 250만주 가량을 재투자하고 있다고 하는데요, 일본 내 가장 혼잡한 도시들에 에어택시를 제공하는 것을 목표로 하는 일본 소라클과의 약 5억 달러 상당의 계약, 또 유나이티드 항공과 사우스웨스트 항공이 군대의 스텔스 임무를 위해 아처 에비에이션의 항공기 매입을 고려하고 있다는 점에 초점을 맞춘 모습입니다. 또, 반도체 분야의 캐시 우드의 최선호주인 AMD, 또 메타도 매수를 추진하고 있는 것으로, 주요 매체들은 전했습니다.최보화 외신캐스터최보화외신캐스터 from.treasure@wowtv.co.kr"
한경,"러시아, 대미 농축우라늄 수출 일시 제한 공표 [원자재 &ETF뉴스]",https://www.hankyung.com/article/2024111873585,"(방송 원문입니다.)지난 금요일, 원자재 마감 시황도 살펴보겠습니다. 국제유가부터 살펴보겠습니다. 전일 파월 의장의 매파적 발언에 기인해, 연준의 추가 금리인하에 대한 의문이 제기된 데 이어 중국의 산업 둔화 지표까지 가시화되며 유가는 2.5%대 크게 빠졌고요, 주간 기준으로도 4.7% 하락했습니다. WTI는 67달러도 하회하며 66달러 후반대, 브렌트유는 71달러 초반대에 거래를 마쳐 2개월래 최저치까지 내려갔습니다. 미국 천연가스 선물은 동절기 추워질 날씨를 주시하며 2% 가깝게 상승했고요, 달러화 강세 속 대두 선물이 1.9%, 밀 선물이 1.7% 내려갔습니다. 역시나 강달러가 유지되며 금 선물이 이날도 약보합권에 머물렀는데요, 고점 대비 8% 급락, 8주래 최저치, 그리고 3년 만에 최대 주간 하락폭으로 집계됐습니다. 은과 구리 선물도 약보합권, 니켈 선물도 1.5% 내림세 연출했고요, 미국의 러시아산 팔라듐 제재가 향후 구체화될 것이라는 분석이 나오며 팔라듐 선물만 이날 2% 가깝게 상승불 켰습니다.암호화폐 시황도 살펴보겠습니다. 트럼프 트레이드로 인한 랠리는 일시 조정 중입니다. 현재 88,000달러 후반대 터치하고 있습니다.지난 금요일, 주요 ETF 마감 동향도 살펴보겠습니다. 3대 ETF 하락했고요, 섹터별로는 SOXX 반도체 ETF가 2%로 낙폭이 가장 깊었습니다.오늘은 ‘핵심 광물’을 주제로 한 ETF 2가지 살펴보겠습니다. 우라늄, 그리고 리튬 관련 소식들 체크해 보겠습니다. 먼저, ‘스프랏 우라늄 채굴 ETF’, 티커명 URNM입니다. 미국, 캐나다, 호주, 일본, 또 우리나라의 우라늄 기업들을 추종하고 있습니다. 세계 최대 우라늄 기업인 캐나다의 카메코가 17.5%로 최대 비중이고요, 카자흐스탄의 국영원자력공사이자 세계 최대 광산업체인 카자톰프롬이 14%로 들어있습니다. 미장에 상장된 우라늄 ETF는 크게 4가지로 나뉩니다. 일단 이 URNM ETF가 있고요, 추종 자산이 거의 비슷한 ‘글로벌X 우라늄 ETF’, 티커명 URA도 있고요, ‘스프랏 주니어 우라늄 채굴 ETF’, 티커명 URNJ도 있습니다. URNM ETF와 URA ETF는 대기업들을 우선적으로 취급하는 만큼, 개별 기업들의 실적이나 실물 우라늄 가격에 영향을 가장 크게 받는 반면, 이 URNJ ETF는 우라늄 중소기업들을 다루는 만큼, 기업들의 ‘미래 전망’, 혹은 ‘성장성’에 더 가치를 두고 있고요, 수수료가 비교적 저렴한 건 URA ETF입니다. 또, 우라늄 뿐 아니라 원전 기업들까지 전반적으로 아우르는 ETF로는 ‘반에크 우라늄 및 원전 에너지 ETF’, 티커명 NLR도 있습니다. 타스와 로이터 통신이 푸틴 대통령의 지시에 따라, 러시아가 미국에 대한 농축우라늄 수출을 일시적으로 제한하기로 했다고 보도했습니다. 러시아는 세계 최대 우라늄 생산국이고, 미국은 우라늄을 포함해 자국에서 필요한 전체 핵연료의 약 35% 가량을 러시아에서 공급받고 있습니다. 여기에 더해, 트럼프 당선인의 원자력 우호 기조까지 더해지며 미국 내 우라늄 수요는 점진적으로 늘어날 것으로 전망이 되고 있기 때문에, 이 같은 러시아의 조치가 장기화된다면, 타격이 불가피할 것으로 보이는데요, 러시아는 단, 연방기술 수출 통제국에서 발행한 라이선스가 있는 경우에는, 일단은 가능하다고 공표했습니다. 주요 외신들은 이 같은 러시아의 결정은 지난 5월, 바이든 대통령이 2040년까지 러시아산 우라늄 수입을 금지하겠다는 법안에 서명한 데 따른 맞대응의 일환이라고 보고 있는데요, 당시 미국 내에서도 이는 미국 경제에 큰 역효과를 가져올 것이라는 반대의 의견들이 적지 않았습니다. 실제로 이후 푸틴 대통령은 지난 9월, 서방의 상품 공급 제한에 따른 불만을 토로하며 앞으로 러시아 역시 우라늄과 티타늄, 니켈 등 전략 원자재의 수출을 금지하는 방안을 고려할 것이라고 발표한 바 있죠? 이 같은 양국의 끊임없는 이른바 ‘자원 갈등’에 대해 전문가들은 미국이 우라늄 등 필수 광물들을 공급받는 데 어려움을 겪게 될 것이며, 특히 주요 우라늄 기업들이 실질적인 피해를 볼 것이라고 우려하고 있습니다. 미국은 현재 영국과 네덜란드, 그리고 독일이 합작해 만든 국제 핵연료 및 서비스 공급사인 유렌코의 관리 하에 있는 우라늄 농축 시설, 딱 하나만을 보유하고 있습니다. 다만, 블룸버그 통신은 이곳에서 나오는 농축 우라늄은 미국 원자로에 들어가는 전체 우라늄의 약 3분의 1만을 충족시키기 때문에, 충분치 않을 것이라고 전하며, 우라늄 가격의 단기 급등이 촉발될 것이라고 경고했습니다. 실제로 우라늄 선물은 해당 소식 이후 즉각 4% 가깝게 급등하며 장중 파운드당 84달러까지 오르기도 했는데요, 개장 이후 카메코와 유어-에너지, 그리고 우라늄 에너지 등의 주가 상승 여부가 주시된다고 CNBC는 진단했습니다.다음은 ‘글로벌X 리튬 및 배터리 ETF’, 티커명 LIT입니다. 리튬 채굴 및 탐사, 또 배터리 관련 기업들까지 관여하는 ETF입니다. 이 LIT ETF와 동일하게 리튬과 배터리 업체들을 따르는 ‘앰플리파이 리튬 및 배터리 기술 ETF’, 티커명 BATT도 있고요, 리튬을 포함한 희토류 관련 기업들에 투자하는 ‘반에크 벡터스 희귀광물 전략 ETF’, 티커명 REMX, 또 전기차 기업들을 주로 담지만, 리튬 배터리 생산업체들도 함께 추적하는 ‘크레인셰어즈 전기차 및 미래차 ETF’, 티커명 KARS도 있습니다. 리튬 가격이 중국발 공급과잉의 심화와 전기차 캐즘으로 인해 앞으로 하락할 것으로 예측됩니다. 사실 최근 중국 내 전기차 이용률 증가로 인해, 리튬 가격은 장기간 약세에서 벗어나 일부 반등하는 흐름을 이어가고 있었는데요, 실제로 중국 탄산리튬 현물 가격은 지난 10월 말 이후 지금까지 약 8% 상승해 3개월래 최고치를 기록 중입니다. 중국 정부의 전기차 보조금 확대가 일시적인 리튬 가격의 상승을 견인했던 건데요, 중국 정부는 구형 차량 교체를 장려함과 동시에 전기차 보급을 확대하고 있는데다 트럼프 당선인의 집권 이후, 미중 무역갈등 재점화 이슈로 중국 배터리 제조업체들의 리튬 사재기 가능성도 언급되고 있습니다. 하지만 중국을 제외한 전세계 전기차 불황은 악화될 확률이 현저하게 높습니다. 미국의 보호무역주의나 안전 문제는 물론이고요, 트럼프의 전기차 세액 공제 폐지 등에 기인한 거겠죠? 전문가들은 중장기적으로 리튬은 공급과잉, 수요 감소의 문제를 가져갈 것이라고 지적하고 있습니다. 추가적으로, 중국의 단기적인 리튬 가격 상승에 기인해, 그때 이미 착수에 들어갔던 리튬 광산들이 일제히 대기중이라는 점도, 공급과잉의 문제를 한층 더 심화시킬 것으로 보입니다. 대표적인 예로, 중국 최대 리튬 생산업체, 간펑 리튬이 다음달 말, 아프리카 말리에 위치한 굴라미나 리튬 프로젝트의 가동을 앞두고 있다는 점을 꼽을 수 있습니다.최보화 외신캐스터최보화외신캐스터 from.treasure@wowtv.co.kr"
한경,"[데스크 칼럼] 트럼프 스톰, 비트코인 스탠더드",https://www.hankyung.com/article/2024111769721,"김병환 금융위원장이 요즘 외국 감독당국 수장이나 금융회사 최고경영자(CEO)를 만나면 꼭 묻는 말이 있다. 가상자산, 특히 암호화폐(코인)에 대한 정책 방향이다. 다들 비슷한 속내를 털어놓는다고 한다. 내재적 가치가 없는 코인의 자산가치와 시장성을 인정하지 않거나 의문을 제기하는 경우가 대부분이다. 그러다 다음 질문이 이어지면 대화가 갑자기 끊어진다고 한다. 아무도 답하지 못해서다. “그렇다면 코인시장을 죽일(강한 제재나 거래소 폐쇄 등) 수 있을까요.”금융시장 뒤흔드는 코인김 위원장의 얘기는 ‘코인을 어떻게 보는 게 맞느냐’는 근원적 질문으로 들린다. 과연 비트코인은 ‘디지털 금’일까. 비트코인은 2009년 나카모토 사토시라는 프로그래머에 의해 세상에 나올 때만 해도 찬밥 취급을 받았다. 17세기 네덜란드에서 투기 광풍이 분 튤립에 비교되곤 했다. 워런 버핏이 당시 “비트코인은 거품이고 가치를 창출하는 자산이 아니다”고 깎아내릴 정도였다. 실제 비트코인은 가격 변동성이 크고 24시간 거래되는 탓에 보편적 투자자산으로 자리매김하긴 어려울 것이란 전망이 많았다.하지만 비트코인은 점차 금을 닮아갔다. 최대 발행량(2100만 개)이 제한된 데 따른 ‘희소성’을 바탕으로 ‘가치 저장 수단’으로 인정받기 시작했다. 정부나 기관의 통제를 받지 않고 블록체인 기술로 다져진 ‘탈중앙화’ 역시 매력으로 부각됐다.코인은 다시 커다란 변곡점을 맞았다. 트럼프 2.0 시대를 앞두고서다. 기세는 더 매서워졌다. 최근 1억원을 훌쩍 넘긴 비트코인의 시가총액은 이미 한국 유가증권 및 코스닥시장 전체 시총을 넘어섰다. 비트코인 외 다른 코인(알트코인)의 가격도 덩달아 뛰고 있다. 일론 머스크 테슬라 최고경영자(CEO)가 띄운 밈(meme) 코인인 도지코인의 시총은 미국의 대표 자동차 회사 포드의 시총을 훌쩍 넘어섰다.관련 법·제도 정비 시급코인 시장 확장은 이제 시작일지도 모른다. 도널드 트럼프 미국 대통령 당선인이 비트코인을 전략적 국가 비축자산으로 삼겠다고 공언하면서다. 유동성 확보를 위한 ‘준비자산’이나 국가 안보 핵심인 ‘비축자산’으로 편입하는 방안 등이 거론된다. 글로벌 금융시장에 어떤 파장을 미칠지 가늠하기조차 어렵다. 비트코인이 통화 가치를 반영하는 척도(Bitcoin Standard)로 자리 잡을 수 있다는 전망까지 나온다. 마치 19세기 금이 통화의 가치를 보장한 ‘금본위제(金本位制·Gold Standard)’처럼 말이다.이제 비트코인의 자산가치와 시장성에 의문을 제기하기엔 관련 시장과 위상이 너무 커버렸다. 정부가 마음먹는다고 ‘죽일 수 있는’ 시장이 아니다. 그렇다면 품어야 한다. 기획재정부와 금융위원회 등 경제 부처 관료들은 (내키지 않더라도) 코인의 자산가치와 시장성을 인정할 때가 됐다. 계속 뭉개고 있을 일이 아니다. 가상자산의 법적 지위를 국제적 수준에 맞추는 작업을 서둘러야 한다. 가상자산법 추가 입법, 법인의 코인 계좌 및 코인 현물 상장지수펀드(ETF) 허용, 스테이블 코인 관련 규제 논의 등도 속도를 내야 한다. 그래야 글로벌 코인시장과의 시스템 격차를 줄이고, 제대로 된 규율과 관리 체계를 준비할 수 있다."
네이버 뉴스,"한투운용, ACE KRX금현물ETF순자산 5000억 돌파",https://www.newsis.com/view/NISX20241125_0002971268,본문 없음
네이버 뉴스,비트코인 부담될 땐…ETF기대주로,https://www.mk.co.kr/article/11175254,본문 없음
네이버 뉴스,"수류탄 트럼프가 호재다…""금내년 3000달러 찍을 것""",https://www.joongang.co.kr/article/25294513,본문 없음
네이버 뉴스,"트럼프 당선에 비트코인처럼 뛰는금…""내년 3000달러 찍는다""",http://news.mt.co.kr/mtview.php?no=2024112513295418521,본문 없음
네이버 뉴스,"美월가, 비트코인ETF옵션 등 신규 상품 출시 잇따라",http://www.edaily.co.kr/news/newspath.asp?newsid=03368566639089656,본문 없음
네이버 뉴스,"테슬라, 탄소배출권 거래 최대 수혜자 [원자재 &ETF뉴스]",https://www.wowtv.co.kr/NewsCenter/News/Read?articleId=A202411270215&t=NNv,본문 없음
네이버 뉴스,"ACE KRX금현물ETF, 순자산 총액 5000억원 돌파",http://www.g-enews.com/ko-kr/news/article/news_all/202411230708487115edf69f862c_1/article.html,본문 없음
네이버 뉴스,“비트코인 10만달러 간다는데”…국내ETF출시는 언제?,https://biz.newdaily.co.kr/site/data/html/2024/11/27/2024112700079.html,본문 없음
네이버 뉴스,[가상자산의 시대] ➃'K-가상자산ETF' 도입은 언제?,https://www.straightnews.co.kr/news/articleView.html?idxno=258259,본문 없음
네이버 뉴스,"비트코인, 6일만에 사상 최고가 경신…""현물ETF옵션 효과""[코인브리핑...",https://www.news1.kr/finance/general-finance/5605657,본문 없음
네이버 뉴스,비트코인 부담될 땐…ETF기대주로,https://www.mk.co.kr/article/11175254,본문 없음
네이버 뉴스,"수류탄 트럼프가 호재다…""금내년 3000달러 찍을 것""",https://www.joongang.co.kr/article/25294513,본문 없음
네이버 뉴스,"트럼프 당선에 비트코인처럼 뛰는금…""내년 3000달러 찍는다""",http://news.mt.co.kr/mtview.php?no=2024112513295418521,본문 없음
네이버 뉴스,"美월가, 비트코인ETF옵션 등 신규 상품 출시 잇따라",http://www.edaily.co.kr/news/newspath.asp?newsid=03368566639089656,본문 없음
네이버 뉴스,"테슬라, 탄소배출권 거래 최대 수혜자 [원자재 &ETF뉴스]",https://www.wowtv.co.kr/NewsCenter/News/Read?articleId=A202411270215&t=NNv,본문 없음
네이버 뉴스,"""트럼프급 호재""…비트코인ETF옵션 상장, 시장 영향은",https://www.newsis.com/view/NISX20241119_0002965028,본문 없음
네이버 뉴스,"ACE KRX금현물ETF, 순자산 총액 5000억원 돌파",http://www.g-enews.com/ko-kr/news/article/news_all/202411230708487115edf69f862c_1/article.html,본문 없음
네이버 뉴스,“비트코인 10만달러 간다는데”…국내ETF출시는 언제?,https://biz.newdaily.co.kr/site/data/html/2024/11/27/2024112700079.html,본문 없음
네이버 뉴스,"트럼프 관세 예고, 외환시장 긴장감 증폭 [원자재 &ETF뉴스]",https://www.wowtv.co.kr/NewsCenter/News/Read?articleId=A202411280176&t=NNv,본문 없음
네이버 뉴스,[가상자산의 시대] ➃'K-가상자산ETF' 도입은 언제?,https://www.straightnews.co.kr/news/articleView.html?idxno=258259,본문 없음
